"GeographyCode","KS107EW0001","KS107EW0002","KS107EW0003","KS107EW0004","KS107EW0005","KS107EW0006","KS107EW0007","KS107EW0008","KS107EW0009","KS107EW0010","KS107EW0011","KS107EW0012","KS107EW0013","KS107EW0014","KS107EW0015","KS107EW0016","KS107EW0017","KS107EW0018","KS107EW0019","KS107EW0020","KS107EW0021","KS107EW0022","KS107EW0023"
"E00021141",10,1,0,9,0,0,0,0,10,1,0,9,10,0,90,0,0,0,0,100,10,0,90
"E00021143",15,2,2,11,0,0,0,0,15,2,2,11,13.3333333333333,13.3333333333333,73.3333333333333,0,0,0,0,100,13.3333333333333,13.3333333333333,73.3333333333333
"E00021145",1,0,0,1,0,0,0,0,1,0,0,1,0,0,100,0,0,0,0,100,0,0,100
"E00021146",1,0,1,0,0,0,0,0,1,0,1,0,0,100,0,0,0,0,0,100,0,100,0
"E00021147",12,3,7,2,0,0,0,0,12,3,7,2,25,58.3333333333333,16.6666666666667,0,0,0,0,100,25,58.3333333333333,16.6666666666667
"E00021148",9,0,1,8,0,0,0,0,9,0,1,8,0,11.1111111111111,88.8888888888889,0,0,0,0,100,0,11.1111111111111,88.8888888888889
"E00021149",16,3,3,10,2,0,2,0,14,3,1,10,18.75,18.75,62.5,12.5,0,12.5,0,87.5,18.75,6.25,62.5
"E00021150",12,2,4,6,0,0,0,0,12,2,4,6,16.6666666666667,33.3333333333333,50,0,0,0,0,100,16.6666666666667,33.3333333333333,50
"E00021151",12,1,1,10,1,0,0,1,11,1,1,9,8.33333333333333,8.33333333333333,83.3333333333333,8.33333333333333,0,0,8.33333333333333,91.6666666666667,8.33333333333333,8.33333333333333,75
"E00021152",11,4,1,6,1,1,0,0,10,3,1,6,36.3636363636364,9.09090909090909,54.5454545454545,9.09090909090909,9.09090909090909,0,0,90.9090909090909,27.2727272727273,9.09090909090909,54.5454545454545
"E00021153",0,0,0,0,0,0,0,0,0,0,0,0,0,0,0,0,0,0,0,0,0,0,0
"E00021154",9,3,2,4,0,0,0,0,9,3,2,4,33.3333333333333,22.2222222222222,44.4444444444444,0,0,0,0,100,33.3333333333333,22.2222222222222,44.4444444444444
"E00021155",2,0,0,2,0,0,0,0,2,0,0,2,0,0,100,0,0,0,0,100,0,0,100
"E00021156",6,1,1,4,0,0,0,0,6,1,1,4,16.6666666666667,16.6666666666667,66.6666666666667,0,0,0,0,100,16.6666666666667,16.6666666666667,66.6666666666667
"E00021157",13,3,1,9,0,0,0,0,13,3,1,9,23.0769230769231,7.69230769230769,69.2307692307692,0,0,0,0,100,23.0769230769231,7.69230769230769,69.2307692307692
"E00021158",17,4,1,12,1,0,0,1,16,4,1,11,23.5294117647059,5.88235294117647,70.5882352941177,5.88235294117647,0,0,5.88235294117647,94.1176470588235,23.5294117647059,5.88235294117647,64.7058823529412
"E00021159",13,0,2,11,2,0,0,2,11,0,2,9,0,15.3846153846154,84.6153846153846,15.3846153846154,0,0,15.3846153846154,84.6153846153846,0,15.3846153846154,69.2307692307692
"E00021160",6,2,1,3,0,0,0,0,6,2,1,3,33.3333333333333,16.6666666666667,50,0,0,0,0,100,33.3333333333333,16.6666666666667,50
"E00021161",14,4,1,9,1,1,0,0,13,3,1,9,28.5714285714286,7.14285714285714,64.2857142857143,7.14285714285714,7.14285714285714,0,0,92.8571428571429,21.4285714285714,7.14285714285714,64.2857142857143
"E00021162",3,0,2,1,0,0,0,0,3,0,2,1,0,66.6666666666667,33.3333333333333,0,0,0,0,100,0,66.6666666666667,33.3333333333333
"E00021163",6,0,2,4,1,0,0,1,5,0,2,3,0,33.3333333333333,66.6666666666667,16.6666666666667,0,0,16.6666666666667,83.3333333333333,0,33.3333333333333,50
"E00021164",7,2,0,5,2,1,0,1,5,1,0,4,28.5714285714286,0,71.4285714285714,28.5714285714286,14.2857142857143,0,14.2857142857143,71.4285714285714,14.2857142857143,0,57.1428571428571
"E00021165",12,1,1,10,1,0,0,1,11,1,1,9,8.33333333333333,8.33333333333333,83.3333333333333,8.33333333333333,0,0,8.33333333333333,91.6666666666667,8.33333333333333,8.33333333333333,75
"E00021166",11,3,1,7,1,0,1,0,10,3,0,7,27.2727272727273,9.09090909090909,63.6363636363636,9.09090909090909,0,9.09090909090909,0,90.9090909090909,27.2727272727273,0,63.6363636363636
"E00021167",8,1,2,5,0,0,0,0,8,1,2,5,12.5,25,62.5,0,0,0,0,100,12.5,25,62.5
"E00021168",2,1,0,1,1,1,0,0,1,0,0,1,50,0,50,50,50,0,0,50,0,0,50
"E00021169",8,0,0,8,1,0,0,1,7,0,0,7,0,0,100,12.5,0,0,12.5,87.5,0,0,87.5
"E00021170",20,3,3,14,4,0,1,3,16,3,2,11,15,15,70,20,0,5,15,80,15,10,55
"E00021171",14,1,1,12,0,0,0,0,14,1,1,12,7.14285714285714,7.14285714285714,85.7142857142857,0,0,0,0,100,7.14285714285714,7.14285714285714,85.7142857142857
"E00021172",7,4,1,2,1,0,1,0,6,4,0,2,57.1428571428571,14.2857142857143,28.5714285714286,14.2857142857143,0,14.2857142857143,0,85.7142857142857,57.1428571428571,0,28.5714285714286
"E00021173",11,0,5,6,1,0,1,0,10,0,4,6,0,45.4545454545455,54.5454545454545,9.09090909090909,0,9.09090909090909,0,90.9090909090909,0,36.3636363636364,54.5454545454545
"E00021174",2,0,1,1,1,0,1,0,1,0,0,1,0,50,50,50,0,50,0,50,0,0,50
"E00021175",5,3,1,1,0,0,0,0,5,3,1,1,60,20,20,0,0,0,0,100,60,20,20
"E00021176",15,3,5,7,0,0,0,0,15,3,5,7,20,33.3333333333333,46.6666666666667,0,0,0,0,100,20,33.3333333333333,46.6666666666667
"E00021177",19,1,2,16,0,0,0,0,19,1,2,16,5.26315789473684,10.5263157894737,84.2105263157895,0,0,0,0,100,5.26315789473684,10.5263157894737,84.2105263157895
"E00021179",5,2,0,3,0,0,0,0,5,2,0,3,40,0,60,0,0,0,0,100,40,0,60
"E00021180",20,1,2,17,1,0,0,1,19,1,2,16,5,10,85,5,0,0,5,95,5,10,80
"E00021181",4,0,0,4,1,0,0,1,3,0,0,3,0,0,100,25,0,0,25,75,0,0,75
"E00021182",4,0,1,3,0,0,0,0,4,0,1,3,0,25,75,0,0,0,0,100,0,25,75
"E00021183",1,1,0,0,0,0,0,0,1,1,0,0,100,0,0,0,0,0,0,100,100,0,0
"E00021184",2,0,0,2,0,0,0,0,2,0,0,2,0,0,100,0,0,0,0,100,0,0,100
"E00021185",11,4,5,2,1,0,1,0,10,4,4,2,36.3636363636364,45.4545454545455,18.1818181818182,9.09090909090909,0,9.09090909090909,0,90.9090909090909,36.3636363636364,36.3636363636364,18.1818181818182
"E00021186",10,0,0,10,0,0,0,0,10,0,0,10,0,0,100,0,0,0,0,100,0,0,100
"E00021187",14,2,1,11,1,0,0,1,13,2,1,10,14.2857142857143,7.14285714285714,78.5714285714286,7.14285714285714,0,0,7.14285714285714,92.8571428571429,14.2857142857143,7.14285714285714,71.4285714285714
"E00021188",8,2,1,5,1,0,1,0,7,2,0,5,25,12.5,62.5,12.5,0,12.5,0,87.5,25,0,62.5
"E00021189",12,2,1,9,0,0,0,0,12,2,1,9,16.6666666666667,8.33333333333333,75,0,0,0,0,100,16.6666666666667,8.33333333333333,75
"E00021190",3,1,1,1,0,0,0,0,3,1,1,1,33.3333333333333,33.3333333333333,33.3333333333333,0,0,0,0,100,33.3333333333333,33.3333333333333,33.3333333333333
"E00021191",4,0,1,3,0,0,0,0,4,0,1,3,0,25,75,0,0,0,0,100,0,25,75
"E00021192",13,0,2,11,0,0,0,0,13,0,2,11,0,15.3846153846154,84.6153846153846,0,0,0,0,100,0,15.3846153846154,84.6153846153846
"E00021193",0,0,0,0,0,0,0,0,0,0,0,0,0,0,0,0,0,0,0,0,0,0,0
"E00021194",20,1,1,18,6,0,0,6,14,1,1,12,5,5,90,30,0,0,30,70,5,5,60
"E00021195",6,1,1,4,0,0,0,0,6,1,1,4,16.6666666666667,16.6666666666667,66.6666666666667,0,0,0,0,100,16.6666666666667,16.6666666666667,66.6666666666667
"E00021196",11,2,3,6,0,0,0,0,11,2,3,6,18.1818181818182,27.2727272727273,54.5454545454545,0,0,0,0,100,18.1818181818182,27.2727272727273,54.5454545454545
"E00021197",11,5,0,6,0,0,0,0,11,5,0,6,45.4545454545455,0,54.5454545454545,0,0,0,0,100,45.4545454545455,0,54.5454545454545
"E00021198",10,1,1,8,0,0,0,0,10,1,1,8,10,10,80,0,0,0,0,100,10,10,80
"E00021199",12,2,3,7,0,0,0,0,12,2,3,7,16.6666666666667,25,58.3333333333333,0,0,0,0,100,16.6666666666667,25,58.3333333333333
"E00021200",10,1,2,7,1,0,1,0,9,1,1,7,10,20,70,10,0,10,0,90,10,10,70
"E00021201",12,4,1,7,1,0,0,1,11,4,1,6,33.3333333333333,8.33333333333333,58.3333333333333,8.33333333333333,0,0,8.33333333333333,91.6666666666667,33.3333333333333,8.33333333333333,50
"E00021202",11,2,3,6,0,0,0,0,11,2,3,6,18.1818181818182,27.2727272727273,54.5454545454545,0,0,0,0,100,18.1818181818182,27.2727272727273,54.5454545454545
"E00021203",8,1,0,7,0,0,0,0,8,1,0,7,12.5,0,87.5,0,0,0,0,100,12.5,0,87.5
"E00021204",7,0,1,6,0,0,0,0,7,0,1,6,0,14.2857142857143,85.7142857142857,0,0,0,0,100,0,14.2857142857143,85.7142857142857
"E00021205",6,1,1,4,0,0,0,0,6,1,1,4,16.6666666666667,16.6666666666667,66.6666666666667,0,0,0,0,100,16.6666666666667,16.6666666666667,66.6666666666667
"E00021206",8,2,0,6,1,1,0,0,7,1,0,6,25,0,75,12.5,12.5,0,0,87.5,12.5,0,75
"E00021207",2,1,0,1,0,0,0,0,2,1,0,1,50,0,50,0,0,0,0,100,50,0,50
"E00021208",11,0,1,10,1,0,0,1,10,0,1,9,0,9.09090909090909,90.9090909090909,9.09090909090909,0,0,9.09090909090909,90.9090909090909,0,9.09090909090909,81.8181818181818
"E00021209",5,1,0,4,0,0,0,0,5,1,0,4,20,0,80,0,0,0,0,100,20,0,80
"E00021210",3,1,0,2,0,0,0,0,3,1,0,2,33.3333333333333,0,66.6666666666667,0,0,0,0,100,33.3333333333333,0,66.6666666666667
"E00021211",5,1,1,3,0,0,0,0,5,1,1,3,20,20,60,0,0,0,0,100,20,20,60
"E00021212",7,2,2,3,0,0,0,0,7,2,2,3,28.5714285714286,28.5714285714286,42.8571428571429,0,0,0,0,100,28.5714285714286,28.5714285714286,42.8571428571429
"E00021213",7,1,1,5,0,0,0,0,7,1,1,5,14.2857142857143,14.2857142857143,71.4285714285714,0,0,0,0,100,14.2857142857143,14.2857142857143,71.4285714285714
"E00021214",12,3,1,8,0,0,0,0,12,3,1,8,25,8.33333333333333,66.6666666666667,0,0,0,0,100,25,8.33333333333333,66.6666666666667
"E00021215",2,1,1,0,0,0,0,0,2,1,1,0,50,50,0,0,0,0,0,100,50,50,0
"E00021216",12,3,2,7,0,0,0,0,12,3,2,7,25,16.6666666666667,58.3333333333333,0,0,0,0,100,25,16.6666666666667,58.3333333333333
"E00021217",12,1,0,11,1,0,0,1,11,1,0,10,8.33333333333333,0,91.6666666666667,8.33333333333333,0,0,8.33333333333333,91.6666666666667,8.33333333333333,0,83.3333333333333
"E00021218",15,1,6,8,0,0,0,0,15,1,6,8,6.66666666666667,40,53.3333333333333,0,0,0,0,100,6.66666666666667,40,53.3333333333333
"E00021219",10,3,2,5,0,0,0,0,10,3,2,5,30,20,50,0,0,0,0,100,30,20,50
"E00021220",9,1,3,5,0,0,0,0,9,1,3,5,11.1111111111111,33.3333333333333,55.5555555555556,0,0,0,0,100,11.1111111111111,33.3333333333333,55.5555555555556
"E00021223",7,1,2,4,0,0,0,0,7,1,2,4,14.2857142857143,28.5714285714286,57.1428571428571,0,0,0,0,100,14.2857142857143,28.5714285714286,57.1428571428571
"E00021224",12,1,3,8,2,0,1,1,10,1,2,7,8.33333333333333,25,66.6666666666667,16.6666666666667,0,8.33333333333333,8.33333333333333,83.3333333333333,8.33333333333333,16.6666666666667,58.3333333333333
"E00021225",14,2,1,11,1,0,0,1,13,2,1,10,14.2857142857143,7.14285714285714,78.5714285714286,7.14285714285714,0,0,7.14285714285714,92.8571428571429,14.2857142857143,7.14285714285714,71.4285714285714
"E00021227",9,3,3,3,2,0,1,1,7,3,2,2,33.3333333333333,33.3333333333333,33.3333333333333,22.2222222222222,0,11.1111111111111,11.1111111111111,77.7777777777778,33.3333333333333,22.2222222222222,22.2222222222222
"E00021228",8,3,1,4,1,0,1,0,7,3,0,4,37.5,12.5,50,12.5,0,12.5,0,87.5,37.5,0,50
"E00021229",17,6,2,9,1,0,1,0,16,6,1,9,35.2941176470588,11.7647058823529,52.9411764705882,5.88235294117647,0,5.88235294117647,0,94.1176470588235,35.2941176470588,5.88235294117647,52.9411764705882
"E00021230",3,2,0,1,0,0,0,0,3,2,0,1,66.6666666666667,0,33.3333333333333,0,0,0,0,100,66.6666666666667,0,33.3333333333333
"E00021231",5,1,0,4,0,0,0,0,5,1,0,4,20,0,80,0,0,0,0,100,20,0,80
"E00021235",19,7,0,12,1,0,0,1,18,7,0,11,36.8421052631579,0,63.1578947368421,5.26315789473684,0,0,5.26315789473684,94.7368421052632,36.8421052631579,0,57.8947368421053
"E00021236",11,3,4,4,4,0,4,0,7,3,0,4,27.2727272727273,36.3636363636364,36.3636363636364,36.3636363636364,0,36.3636363636364,0,63.6363636363636,27.2727272727273,0,36.3636363636364
"E00021238",2,0,1,1,0,0,0,0,2,0,1,1,0,50,50,0,0,0,0,100,0,50,50
"E00021239",1,0,0,1,0,0,0,0,1,0,0,1,0,0,100,0,0,0,0,100,0,0,100
"E00021240",4,0,2,2,0,0,0,0,4,0,2,2,0,50,50,0,0,0,0,100,0,50,50
"E00021241",2,1,0,1,0,0,0,0,2,1,0,1,50,0,50,0,0,0,0,100,50,0,50
"E00021243",23,5,4,14,2,0,1,1,21,5,3,13,21.7391304347826,17.3913043478261,60.8695652173913,8.69565217391304,0,4.34782608695652,4.34782608695652,91.304347826087,21.7391304347826,13.0434782608696,56.5217391304348
"E00021244",15,4,3,8,1,0,0,1,14,4,3,7,26.6666666666667,20,53.3333333333333,6.66666666666667,0,0,6.66666666666667,93.3333333333333,26.6666666666667,20,46.6666666666667
"E00021245",21,6,3,12,0,0,0,0,21,6,3,12,28.5714285714286,14.2857142857143,57.1428571428571,0,0,0,0,100,28.5714285714286,14.2857142857143,57.1428571428571
"E00021246",16,3,1,12,0,0,0,0,16,3,1,12,18.75,6.25,75,0,0,0,0,100,18.75,6.25,75
"E00021247",23,5,1,17,1,0,1,0,22,5,0,17,21.7391304347826,4.34782608695652,73.9130434782609,4.34782608695652,0,4.34782608695652,0,95.6521739130435,21.7391304347826,0,73.9130434782609
"E00021248",27,7,5,15,1,0,0,1,26,7,5,14,25.9259259259259,18.5185185185185,55.5555555555556,3.7037037037037,0,0,3.7037037037037,96.2962962962963,25.9259259259259,18.5185185185185,51.8518518518518
"E00021249",22,5,3,14,0,0,0,0,22,5,3,14,22.7272727272727,13.6363636363636,63.6363636363636,0,0,0,0,100,22.7272727272727,13.6363636363636,63.6363636363636
"E00021251",14,1,1,12,1,0,0,1,13,1,1,11,7.14285714285714,7.14285714285714,85.7142857142857,7.14285714285714,0,0,7.14285714285714,92.8571428571429,7.14285714285714,7.14285714285714,78.5714285714286
"E00021252",6,2,1,3,0,0,0,0,6,2,1,3,33.3333333333333,16.6666666666667,50,0,0,0,0,100,33.3333333333333,16.6666666666667,50
"E00021253",10,0,3,7,1,0,1,0,9,0,2,7,0,30,70,10,0,10,0,90,0,20,70
"E00021254",2,0,1,1,1,0,0,1,1,0,1,0,0,50,50,50,0,0,50,50,0,50,0
"E00021255",3,1,1,1,0,0,0,0,3,1,1,1,33.3333333333333,33.3333333333333,33.3333333333333,0,0,0,0,100,33.3333333333333,33.3333333333333,33.3333333333333
"E00021256",2,0,0,2,0,0,0,0,2,0,0,2,0,0,100,0,0,0,0,100,0,0,100
"E00021257",5,1,1,3,1,1,0,0,4,0,1,3,20,20,60,20,20,0,0,80,0,20,60
"E00021258",19,6,3,10,2,2,0,0,17,4,3,10,31.5789473684211,15.7894736842105,52.6315789473684,10.5263157894737,10.5263157894737,0,0,89.4736842105263,21.0526315789474,15.7894736842105,52.6315789473684
"E00021259",16,4,3,9,1,0,1,0,15,4,2,9,25,18.75,56.25,6.25,0,6.25,0,93.75,25,12.5,56.25
"E00021260",14,3,3,8,3,0,2,1,11,3,1,7,21.4285714285714,21.4285714285714,57.1428571428571,21.4285714285714,0,14.2857142857143,7.14285714285714,78.5714285714286,21.4285714285714,7.14285714285714,50
"E00021261",17,2,3,12,1,0,0,1,16,2,3,11,11.7647058823529,17.6470588235294,70.5882352941177,5.88235294117647,0,0,5.88235294117647,94.1176470588235,11.7647058823529,17.6470588235294,64.7058823529412
"E00021262",15,3,1,11,0,0,0,0,15,3,1,11,20,6.66666666666667,73.3333333333333,0,0,0,0,100,20,6.66666666666667,73.3333333333333
"E00021263",14,2,2,10,1,1,0,0,13,1,2,10,14.2857142857143,14.2857142857143,71.4285714285714,7.14285714285714,7.14285714285714,0,0,92.8571428571429,7.14285714285714,14.2857142857143,71.4285714285714
"E00021266",16,5,6,5,5,0,4,1,11,5,2,4,31.25,37.5,31.25,31.25,0,25,6.25,68.75,31.25,12.5,25
"E00021267",29,9,5,15,3,0,0,3,26,9,5,12,31.0344827586207,17.2413793103448,51.7241379310345,10.3448275862069,0,0,10.3448275862069,89.6551724137931,31.0344827586207,17.2413793103448,41.3793103448276
"E00021268",15,5,2,8,1,0,0,1,14,5,2,7,33.3333333333333,13.3333333333333,53.3333333333333,6.66666666666667,0,0,6.66666666666667,93.3333333333333,33.3333333333333,13.3333333333333,46.6666666666667
"E00021271",11,2,3,6,0,0,0,0,11,2,3,6,18.1818181818182,27.2727272727273,54.5454545454545,0,0,0,0,100,18.1818181818182,27.2727272727273,54.5454545454545
"E00021272",5,1,2,2,1,0,0,1,4,1,2,1,20,40,40,20,0,0,20,80,20,40,20
"E00021273",6,2,1,3,0,0,0,0,6,2,1,3,33.3333333333333,16.6666666666667,50,0,0,0,0,100,33.3333333333333,16.6666666666667,50
"E00021274",31,5,3,23,1,0,1,0,30,5,2,23,16.1290322580645,9.67741935483871,74.1935483870968,3.2258064516129,0,3.2258064516129,0,96.7741935483871,16.1290322580645,6.45161290322581,74.1935483870968
"E00021275",15,6,1,8,0,0,0,0,15,6,1,8,40,6.66666666666667,53.3333333333333,0,0,0,0,100,40,6.66666666666667,53.3333333333333
"E00021277",9,0,3,6,0,0,0,0,9,0,3,6,0,33.3333333333333,66.6666666666667,0,0,0,0,100,0,33.3333333333333,66.6666666666667
"E00021278",12,3,2,7,1,0,1,0,11,3,1,7,25,16.6666666666667,58.3333333333333,8.33333333333333,0,8.33333333333333,0,91.6666666666667,25,8.33333333333333,58.3333333333333
"E00021279",20,6,0,14,1,0,0,1,19,6,0,13,30,0,70,5,0,0,5,95,30,0,65
"E00021280",14,2,3,9,0,0,0,0,14,2,3,9,14.2857142857143,21.4285714285714,64.2857142857143,0,0,0,0,100,14.2857142857143,21.4285714285714,64.2857142857143
"E00021281",16,3,3,10,0,0,0,0,16,3,3,10,18.75,18.75,62.5,0,0,0,0,100,18.75,18.75,62.5
"E00021282",12,1,3,8,0,0,0,0,12,1,3,8,8.33333333333333,25,66.6666666666667,0,0,0,0,100,8.33333333333333,25,66.6666666666667
"E00021285",3,1,0,2,0,0,0,0,3,1,0,2,33.3333333333333,0,66.6666666666667,0,0,0,0,100,33.3333333333333,0,66.6666666666667
"E00021286",5,2,0,3,0,0,0,0,5,2,0,3,40,0,60,0,0,0,0,100,40,0,60
"E00021287",1,1,0,0,0,0,0,0,1,1,0,0,100,0,0,0,0,0,0,100,100,0,0
"E00021288",0,0,0,0,0,0,0,0,0,0,0,0,0,0,0,0,0,0,0,0,0,0,0
"E00021289",24,8,4,12,1,0,0,1,23,8,4,11,33.3333333333333,16.6666666666667,50,4.16666666666667,0,0,4.16666666666667,95.8333333333333,33.3333333333333,16.6666666666667,45.8333333333333
"E00021290",23,5,4,14,2,0,0,2,21,5,4,12,21.7391304347826,17.3913043478261,60.8695652173913,8.69565217391304,0,0,8.69565217391304,91.304347826087,21.7391304347826,17.3913043478261,52.1739130434783
"E00021291",2,0,0,2,0,0,0,0,2,0,0,2,0,0,100,0,0,0,0,100,0,0,100
"E00021292",20,4,5,11,4,0,2,2,16,4,3,9,20,25,55,20,0,10,10,80,20,15,45
"E00021294",32,14,1,17,1,1,0,0,31,13,1,17,43.75,3.125,53.125,3.125,3.125,0,0,96.875,40.625,3.125,53.125
"E00021295",8,4,1,3,0,0,0,0,8,4,1,3,50,12.5,37.5,0,0,0,0,100,50,12.5,37.5
"E00021296",10,3,4,3,0,0,0,0,10,3,4,3,30,40,30,0,0,0,0,100,30,40,30
"E00021297",10,1,3,6,3,0,3,0,7,1,0,6,10,30,60,30,0,30,0,70,10,0,60
"E00021298",9,3,2,4,1,0,1,0,8,3,1,4,33.3333333333333,22.2222222222222,44.4444444444444,11.1111111111111,0,11.1111111111111,0,88.8888888888889,33.3333333333333,11.1111111111111,44.4444444444444
"E00021299",12,0,2,10,0,0,0,0,12,0,2,10,0,16.6666666666667,83.3333333333333,0,0,0,0,100,0,16.6666666666667,83.3333333333333
"E00021300",7,0,3,4,0,0,0,0,7,0,3,4,0,42.8571428571429,57.1428571428571,0,0,0,0,100,0,42.8571428571429,57.1428571428571
"E00021301",42,13,4,25,2,0,1,1,40,13,3,24,30.952380952381,9.52380952380952,59.5238095238095,4.76190476190476,0,2.38095238095238,2.38095238095238,95.2380952380952,30.952380952381,7.14285714285714,57.1428571428571
"E00021302",14,3,3,8,0,0,0,0,14,3,3,8,21.4285714285714,21.4285714285714,57.1428571428571,0,0,0,0,100,21.4285714285714,21.4285714285714,57.1428571428571
"E00021303",10,3,1,6,1,0,0,1,9,3,1,5,30,10,60,10,0,0,10,90,30,10,50
"E00021304",15,7,3,5,3,3,0,0,12,4,3,5,46.6666666666667,20,33.3333333333333,20,20,0,0,80,26.6666666666667,20,33.3333333333333
"E00021305",1,0,0,1,0,0,0,0,1,0,0,1,0,0,100,0,0,0,0,100,0,0,100
"E00021306",2,2,0,0,0,0,0,0,2,2,0,0,100,0,0,0,0,0,0,100,100,0,0
"E00021307",5,3,1,1,0,0,0,0,5,3,1,1,60,20,20,0,0,0,0,100,60,20,20
"E00021308",8,3,1,4,0,0,0,0,8,3,1,4,37.5,12.5,50,0,0,0,0,100,37.5,12.5,50
"E00021309",2,1,0,1,0,0,0,0,2,1,0,1,50,0,50,0,0,0,0,100,50,0,50
"E00021310",5,0,0,5,0,0,0,0,5,0,0,5,0,0,100,0,0,0,0,100,0,0,100
"E00021311",10,4,0,6,2,2,0,0,8,2,0,6,40,0,60,20,20,0,0,80,20,0,60
"E00021312",14,3,4,7,0,0,0,0,14,3,4,7,21.4285714285714,28.5714285714286,50,0,0,0,0,100,21.4285714285714,28.5714285714286,50
"E00021313",24,0,7,17,0,0,0,0,24,0,7,17,0,29.1666666666667,70.8333333333333,0,0,0,0,100,0,29.1666666666667,70.8333333333333
"E00021314",7,2,2,3,0,0,0,0,7,2,2,3,28.5714285714286,28.5714285714286,42.8571428571429,0,0,0,0,100,28.5714285714286,28.5714285714286,42.8571428571429
"E00021315",0,0,0,0,0,0,0,0,0,0,0,0,0,0,0,0,0,0,0,0,0,0,0
"E00021316",8,2,2,4,0,0,0,0,8,2,2,4,25,25,50,0,0,0,0,100,25,25,50
"E00021317",6,3,2,1,0,0,0,0,6,3,2,1,50,33.3333333333333,16.6666666666667,0,0,0,0,100,50,33.3333333333333,16.6666666666667
"E00021318",9,4,0,5,0,0,0,0,9,4,0,5,44.4444444444444,0,55.5555555555556,0,0,0,0,100,44.4444444444444,0,55.5555555555556
"E00021319",20,4,3,13,6,0,0,6,14,4,3,7,20,15,65,30,0,0,30,70,20,15,35
"E00021320",14,6,1,7,1,1,0,0,13,5,1,7,42.8571428571429,7.14285714285714,50,7.14285714285714,7.14285714285714,0,0,92.8571428571429,35.7142857142857,7.14285714285714,50
"E00021321",8,1,2,5,0,0,0,0,8,1,2,5,12.5,25,62.5,0,0,0,0,100,12.5,25,62.5
"E00021322",10,5,0,5,3,0,0,3,7,5,0,2,50,0,50,30,0,0,30,70,50,0,20
"E00021323",19,2,2,15,0,0,0,0,19,2,2,15,10.5263157894737,10.5263157894737,78.9473684210526,0,0,0,0,100,10.5263157894737,10.5263157894737,78.9473684210526
"E00021324",10,0,4,6,1,0,1,0,9,0,3,6,0,40,60,10,0,10,0,90,0,30,60
"E00021325",14,5,4,5,3,1,1,1,11,4,3,4,35.7142857142857,28.5714285714286,35.7142857142857,21.4285714285714,7.14285714285714,7.14285714285714,7.14285714285714,78.5714285714286,28.5714285714286,21.4285714285714,28.5714285714286
"E00021326",24,8,3,13,1,0,1,0,23,8,2,13,33.3333333333333,12.5,54.1666666666667,4.16666666666667,0,4.16666666666667,0,95.8333333333333,33.3333333333333,8.33333333333333,54.1666666666667
"E00021327",9,3,2,4,1,1,0,0,8,2,2,4,33.3333333333333,22.2222222222222,44.4444444444444,11.1111111111111,11.1111111111111,0,0,88.8888888888889,22.2222222222222,22.2222222222222,44.4444444444444
"E00021328",27,10,5,12,2,0,2,0,25,10,3,12,37.037037037037,18.5185185185185,44.4444444444444,7.40740740740741,0,7.40740740740741,0,92.5925925925926,37.037037037037,11.1111111111111,44.4444444444444
"E00021329",10,2,0,8,1,0,0,1,9,2,0,7,20,0,80,10,0,0,10,90,20,0,70
"E00021330",8,2,0,6,1,1,0,0,7,1,0,6,25,0,75,12.5,12.5,0,0,87.5,12.5,0,75
"E00021331",6,0,2,4,0,0,0,0,6,0,2,4,0,33.3333333333333,66.6666666666667,0,0,0,0,100,0,33.3333333333333,66.6666666666667
"E00021332",15,6,0,9,0,0,0,0,15,6,0,9,40,0,60,0,0,0,0,100,40,0,60
"E00021333",9,2,1,6,0,0,0,0,9,2,1,6,22.2222222222222,11.1111111111111,66.6666666666667,0,0,0,0,100,22.2222222222222,11.1111111111111,66.6666666666667
"E00021334",18,7,2,9,2,1,0,1,16,6,2,8,38.8888888888889,11.1111111111111,50,11.1111111111111,5.55555555555556,0,5.55555555555556,88.8888888888889,33.3333333333333,11.1111111111111,44.4444444444444
"E00021335",21,4,3,14,3,0,1,2,18,4,2,12,19.047619047619,14.2857142857143,66.6666666666667,14.2857142857143,0,4.76190476190476,9.52380952380952,85.7142857142857,19.047619047619,9.52380952380952,57.1428571428571
"E00021336",19,5,3,11,0,0,0,0,19,5,3,11,26.3157894736842,15.7894736842105,57.8947368421053,0,0,0,0,100,26.3157894736842,15.7894736842105,57.8947368421053
"E00021337",12,4,3,5,0,0,0,0,12,4,3,5,33.3333333333333,25,41.6666666666667,0,0,0,0,100,33.3333333333333,25,41.6666666666667
"E00021338",19,4,3,12,0,0,0,0,19,4,3,12,21.0526315789474,15.7894736842105,63.1578947368421,0,0,0,0,100,21.0526315789474,15.7894736842105,63.1578947368421
"E00021339",11,0,4,7,0,0,0,0,11,0,4,7,0,36.3636363636364,63.6363636363636,0,0,0,0,100,0,36.3636363636364,63.6363636363636
"E00021340",14,2,2,10,0,0,0,0,14,2,2,10,14.2857142857143,14.2857142857143,71.4285714285714,0,0,0,0,100,14.2857142857143,14.2857142857143,71.4285714285714
"E00021342",15,1,4,10,1,0,1,0,14,1,3,10,6.66666666666667,26.6666666666667,66.6666666666667,6.66666666666667,0,6.66666666666667,0,93.3333333333333,6.66666666666667,20,66.6666666666667
"E00021344",20,3,5,12,0,0,0,0,20,3,5,12,15,25,60,0,0,0,0,100,15,25,60
"E00021345",17,6,2,9,0,0,0,0,17,6,2,9,35.2941176470588,11.7647058823529,52.9411764705882,0,0,0,0,100,35.2941176470588,11.7647058823529,52.9411764705882
"E00021346",14,2,4,8,1,1,0,0,13,1,4,8,14.2857142857143,28.5714285714286,57.1428571428571,7.14285714285714,7.14285714285714,0,0,92.8571428571429,7.14285714285714,28.5714285714286,57.1428571428571
"E00021347",23,4,7,12,2,1,1,0,21,3,6,12,17.3913043478261,30.4347826086957,52.1739130434783,8.69565217391304,4.34782608695652,4.34782608695652,0,91.304347826087,13.0434782608696,26.0869565217391,52.1739130434783
"E00021349",16,5,3,8,1,0,1,0,15,5,2,8,31.25,18.75,50,6.25,0,6.25,0,93.75,31.25,12.5,50
"E00021350",19,3,2,14,0,0,0,0,19,3,2,14,15.7894736842105,10.5263157894737,73.6842105263158,0,0,0,0,100,15.7894736842105,10.5263157894737,73.6842105263158
"E00021351",18,3,5,10,0,0,0,0,18,3,5,10,16.6666666666667,27.7777777777778,55.5555555555556,0,0,0,0,100,16.6666666666667,27.7777777777778,55.5555555555556
"E00021352",23,9,6,8,2,0,2,0,21,9,4,8,39.1304347826087,26.0869565217391,34.7826086956522,8.69565217391304,0,8.69565217391304,0,91.304347826087,39.1304347826087,17.3913043478261,34.7826086956522
"E00021353",13,2,2,9,0,0,0,0,13,2,2,9,15.3846153846154,15.3846153846154,69.2307692307692,0,0,0,0,100,15.3846153846154,15.3846153846154,69.2307692307692
"E00021354",15,4,2,9,1,0,1,0,14,4,1,9,26.6666666666667,13.3333333333333,60,6.66666666666667,0,6.66666666666667,0,93.3333333333333,26.6666666666667,6.66666666666667,60
"E00021355",8,1,0,7,0,0,0,0,8,1,0,7,12.5,0,87.5,0,0,0,0,100,12.5,0,87.5
"E00021357",10,2,0,8,0,0,0,0,10,2,0,8,20,0,80,0,0,0,0,100,20,0,80
"E00021359",5,0,2,3,0,0,0,0,5,0,2,3,0,40,60,0,0,0,0,100,0,40,60
"E00021360",15,0,2,13,1,0,0,1,14,0,2,12,0,13.3333333333333,86.6666666666667,6.66666666666667,0,0,6.66666666666667,93.3333333333333,0,13.3333333333333,80
"E00021361",36,4,4,28,3,0,0,3,33,4,4,25,11.1111111111111,11.1111111111111,77.7777777777778,8.33333333333333,0,0,8.33333333333333,91.6666666666667,11.1111111111111,11.1111111111111,69.4444444444444
"E00021363",31,12,0,19,1,0,0,1,30,12,0,18,38.7096774193548,0,61.2903225806452,3.2258064516129,0,0,3.2258064516129,96.7741935483871,38.7096774193548,0,58.0645161290323
"E00021364",11,3,1,7,1,1,0,0,10,2,1,7,27.2727272727273,9.09090909090909,63.6363636363636,9.09090909090909,9.09090909090909,0,0,90.9090909090909,18.1818181818182,9.09090909090909,63.6363636363636
"E00021365",10,1,3,6,0,0,0,0,10,1,3,6,10,30,60,0,0,0,0,100,10,30,60
"E00021366",15,5,0,10,0,0,0,0,15,5,0,10,33.3333333333333,0,66.6666666666667,0,0,0,0,100,33.3333333333333,0,66.6666666666667
"E00021367",16,2,3,11,3,1,0,2,13,1,3,9,12.5,18.75,68.75,18.75,6.25,0,12.5,81.25,6.25,18.75,56.25
"E00021368",14,0,2,12,1,0,1,0,13,0,1,12,0,14.2857142857143,85.7142857142857,7.14285714285714,0,7.14285714285714,0,92.8571428571429,0,7.14285714285714,85.7142857142857
"E00021369",11,2,1,8,0,0,0,0,11,2,1,8,18.1818181818182,9.09090909090909,72.7272727272727,0,0,0,0,100,18.1818181818182,9.09090909090909,72.7272727272727
"E00021370",23,5,0,18,0,0,0,0,23,5,0,18,21.7391304347826,0,78.2608695652174,0,0,0,0,100,21.7391304347826,0,78.2608695652174
"E00021371",8,1,1,6,0,0,0,0,8,1,1,6,12.5,12.5,75,0,0,0,0,100,12.5,12.5,75
"E00021372",16,4,4,8,1,0,0,1,15,4,4,7,25,25,50,6.25,0,0,6.25,93.75,25,25,43.75
"E00021374",11,3,2,6,1,0,0,1,10,3,2,5,27.2727272727273,18.1818181818182,54.5454545454545,9.09090909090909,0,0,9.09090909090909,90.9090909090909,27.2727272727273,18.1818181818182,45.4545454545455
"E00021375",14,3,4,7,1,0,0,1,13,3,4,6,21.4285714285714,28.5714285714286,50,7.14285714285714,0,0,7.14285714285714,92.8571428571429,21.4285714285714,28.5714285714286,42.8571428571429
"E00021376",17,3,2,12,1,0,1,0,16,3,1,12,17.6470588235294,11.7647058823529,70.5882352941177,5.88235294117647,0,5.88235294117647,0,94.1176470588235,17.6470588235294,5.88235294117647,70.5882352941177
"E00021377",35,5,6,24,4,0,4,0,31,5,2,24,14.2857142857143,17.1428571428571,68.5714285714286,11.4285714285714,0,11.4285714285714,0,88.5714285714286,14.2857142857143,5.71428571428571,68.5714285714286
"E00021378",15,4,1,10,1,0,0,1,14,4,1,9,26.6666666666667,6.66666666666667,66.6666666666667,6.66666666666667,0,0,6.66666666666667,93.3333333333333,26.6666666666667,6.66666666666667,60
"E00021379",6,5,1,0,1,1,0,0,5,4,1,0,83.3333333333333,16.6666666666667,0,16.6666666666667,16.6666666666667,0,0,83.3333333333333,66.6666666666667,16.6666666666667,0
"E00021380",7,0,0,7,0,0,0,0,7,0,0,7,0,0,100,0,0,0,0,100,0,0,100
"E00021381",28,7,4,17,1,0,1,0,27,7,3,17,25,14.2857142857143,60.7142857142857,3.57142857142857,0,3.57142857142857,0,96.4285714285714,25,10.7142857142857,60.7142857142857
"E00021382",25,5,5,15,0,0,0,0,25,5,5,15,20,20,60,0,0,0,0,100,20,20,60
"E00021383",24,5,2,17,1,0,0,1,23,5,2,16,20.8333333333333,8.33333333333333,70.8333333333333,4.16666666666667,0,0,4.16666666666667,95.8333333333333,20.8333333333333,8.33333333333333,66.6666666666667
"E00021384",2,1,1,0,1,0,1,0,1,1,0,0,50,50,0,50,0,50,0,50,50,0,0
"E00021385",12,3,1,8,0,0,0,0,12,3,1,8,25,8.33333333333333,66.6666666666667,0,0,0,0,100,25,8.33333333333333,66.6666666666667
"E00021386",17,4,2,11,1,0,0,1,16,4,2,10,23.5294117647059,11.7647058823529,64.7058823529412,5.88235294117647,0,0,5.88235294117647,94.1176470588235,23.5294117647059,11.7647058823529,58.8235294117647
"E00021387",28,8,5,15,1,0,1,0,27,8,4,15,28.5714285714286,17.8571428571429,53.5714285714286,3.57142857142857,0,3.57142857142857,0,96.4285714285714,28.5714285714286,14.2857142857143,53.5714285714286
"E00021388",15,3,3,9,0,0,0,0,15,3,3,9,20,20,60,0,0,0,0,100,20,20,60
"E00021391",26,3,3,20,2,0,0,2,24,3,3,18,11.5384615384615,11.5384615384615,76.9230769230769,7.69230769230769,0,0,7.69230769230769,92.3076923076923,11.5384615384615,11.5384615384615,69.2307692307692
"E00021392",18,7,1,10,0,0,0,0,18,7,1,10,38.8888888888889,5.55555555555556,55.5555555555556,0,0,0,0,100,38.8888888888889,5.55555555555556,55.5555555555556
"E00021393",19,4,1,14,0,0,0,0,19,4,1,14,21.0526315789474,5.26315789473684,73.6842105263158,0,0,0,0,100,21.0526315789474,5.26315789473684,73.6842105263158
"E00021394",22,4,1,17,1,0,0,1,21,4,1,16,18.1818181818182,4.54545454545455,77.2727272727273,4.54545454545455,0,0,4.54545454545455,95.4545454545455,18.1818181818182,4.54545454545455,72.7272727272727
"E00021395",12,2,1,9,0,0,0,0,12,2,1,9,16.6666666666667,8.33333333333333,75,0,0,0,0,100,16.6666666666667,8.33333333333333,75
"E00021396",24,8,2,14,0,0,0,0,24,8,2,14,33.3333333333333,8.33333333333333,58.3333333333333,0,0,0,0,100,33.3333333333333,8.33333333333333,58.3333333333333
"E00021397",40,10,6,24,2,0,0,2,38,10,6,22,25,15,60,5,0,0,5,95,25,15,55
"E00021398",25,3,8,14,0,0,0,0,25,3,8,14,12,32,56,0,0,0,0,100,12,32,56
"E00021399",8,1,2,5,2,0,2,0,6,1,0,5,12.5,25,62.5,25,0,25,0,75,12.5,0,62.5
"E00021400",26,8,2,16,0,0,0,0,26,8,2,16,30.7692307692308,7.69230769230769,61.5384615384615,0,0,0,0,100,30.7692307692308,7.69230769230769,61.5384615384615
"E00021402",7,4,0,3,0,0,0,0,7,4,0,3,57.1428571428571,0,42.8571428571429,0,0,0,0,100,57.1428571428571,0,42.8571428571429
"E00021404",2,1,1,0,1,0,1,0,1,1,0,0,50,50,0,50,0,50,0,50,50,0,0
"E00021405",10,2,3,5,0,0,0,0,10,2,3,5,20,30,50,0,0,0,0,100,20,30,50
"E00021406",15,2,2,11,0,0,0,0,15,2,2,11,13.3333333333333,13.3333333333333,73.3333333333333,0,0,0,0,100,13.3333333333333,13.3333333333333,73.3333333333333
"E00021407",55,11,10,34,3,2,1,0,52,9,9,34,20,18.1818181818182,61.8181818181818,5.45454545454545,3.63636363636364,1.81818181818182,0,94.5454545454545,16.3636363636364,16.3636363636364,61.8181818181818
"E00021408",4,3,0,1,0,0,0,0,4,3,0,1,75,0,25,0,0,0,0,100,75,0,25
"E00021409",1,1,0,0,0,0,0,0,1,1,0,0,100,0,0,0,0,0,0,100,100,0,0
"E00021410",8,1,3,4,0,0,0,0,8,1,3,4,12.5,37.5,50,0,0,0,0,100,12.5,37.5,50
"E00021411",9,0,2,7,1,0,1,0,8,0,1,7,0,22.2222222222222,77.7777777777778,11.1111111111111,0,11.1111111111111,0,88.8888888888889,0,11.1111111111111,77.7777777777778
"E00021412",30,1,6,23,1,0,0,1,29,1,6,22,3.33333333333333,20,76.6666666666667,3.33333333333333,0,0,3.33333333333333,96.6666666666667,3.33333333333333,20,73.3333333333333
"E00021413",18,4,4,10,0,0,0,0,18,4,4,10,22.2222222222222,22.2222222222222,55.5555555555556,0,0,0,0,100,22.2222222222222,22.2222222222222,55.5555555555556
"E00021414",14,3,1,10,2,0,1,1,12,3,0,9,21.4285714285714,7.14285714285714,71.4285714285714,14.2857142857143,0,7.14285714285714,7.14285714285714,85.7142857142857,21.4285714285714,0,64.2857142857143
"E00021415",22,9,6,7,3,0,2,1,19,9,4,6,40.9090909090909,27.2727272727273,31.8181818181818,13.6363636363636,0,9.09090909090909,4.54545454545455,86.3636363636364,40.9090909090909,18.1818181818182,27.2727272727273
"E00021416",13,1,4,8,1,0,0,1,12,1,4,7,7.69230769230769,30.7692307692308,61.5384615384615,7.69230769230769,0,0,7.69230769230769,92.3076923076923,7.69230769230769,30.7692307692308,53.8461538461538
"E00021417",11,3,1,7,0,0,0,0,11,3,1,7,27.2727272727273,9.09090909090909,63.6363636363636,0,0,0,0,100,27.2727272727273,9.09090909090909,63.6363636363636
"E00021418",2,1,1,0,0,0,0,0,2,1,1,0,50,50,0,0,0,0,0,100,50,50,0
"E00021419",23,7,3,13,0,0,0,0,23,7,3,13,30.4347826086957,13.0434782608696,56.5217391304348,0,0,0,0,100,30.4347826086957,13.0434782608696,56.5217391304348
"E00021420",5,1,0,4,0,0,0,0,5,1,0,4,20,0,80,0,0,0,0,100,20,0,80
"E00021421",11,3,1,7,0,0,0,0,11,3,1,7,27.2727272727273,9.09090909090909,63.6363636363636,0,0,0,0,100,27.2727272727273,9.09090909090909,63.6363636363636
"E00021422",11,4,1,6,0,0,0,0,11,4,1,6,36.3636363636364,9.09090909090909,54.5454545454545,0,0,0,0,100,36.3636363636364,9.09090909090909,54.5454545454545
"E00021423",10,1,0,9,0,0,0,0,10,1,0,9,10,0,90,0,0,0,0,100,10,0,90
"E00021424",0,0,0,0,0,0,0,0,0,0,0,0,0,0,0,0,0,0,0,0,0,0,0
"E00021425",4,2,1,1,0,0,0,0,4,2,1,1,50,25,25,0,0,0,0,100,50,25,25
"E00021426",26,8,1,17,1,0,0,1,25,8,1,16,30.7692307692308,3.84615384615385,65.3846153846154,3.84615384615385,0,0,3.84615384615385,96.1538461538462,30.7692307692308,3.84615384615385,61.5384615384615
"E00021427",0,0,0,0,0,0,0,0,0,0,0,0,0,0,0,0,0,0,0,0,0,0,0
"E00021428",19,6,0,13,0,0,0,0,19,6,0,13,31.5789473684211,0,68.4210526315789,0,0,0,0,100,31.5789473684211,0,68.4210526315789
"E00021429",12,4,1,7,1,0,0,1,11,4,1,6,33.3333333333333,8.33333333333333,58.3333333333333,8.33333333333333,0,0,8.33333333333333,91.6666666666667,33.3333333333333,8.33333333333333,50
"E00021430",11,1,3,7,1,0,0,1,10,1,3,6,9.09090909090909,27.2727272727273,63.6363636363636,9.09090909090909,0,0,9.09090909090909,90.9090909090909,9.09090909090909,27.2727272727273,54.5454545454545
"E00021431",7,1,0,6,1,0,0,1,6,1,0,5,14.2857142857143,0,85.7142857142857,14.2857142857143,0,0,14.2857142857143,85.7142857142857,14.2857142857143,0,71.4285714285714
"E00021432",19,5,4,10,0,0,0,0,19,5,4,10,26.3157894736842,21.0526315789474,52.6315789473684,0,0,0,0,100,26.3157894736842,21.0526315789474,52.6315789473684
"E00021433",27,6,4,17,3,1,1,1,24,5,3,16,22.2222222222222,14.8148148148148,62.962962962963,11.1111111111111,3.7037037037037,3.7037037037037,3.7037037037037,88.8888888888889,18.5185185185185,11.1111111111111,59.2592592592593
"E00021434",9,4,0,5,0,0,0,0,9,4,0,5,44.4444444444444,0,55.5555555555556,0,0,0,0,100,44.4444444444444,0,55.5555555555556
"E00021437",12,1,4,7,0,0,0,0,12,1,4,7,8.33333333333333,33.3333333333333,58.3333333333333,0,0,0,0,100,8.33333333333333,33.3333333333333,58.3333333333333
"E00021438",6,3,0,3,2,2,0,0,4,1,0,3,50,0,50,33.3333333333333,33.3333333333333,0,0,66.6666666666667,16.6666666666667,0,50
"E00021439",9,2,1,6,2,1,0,1,7,1,1,5,22.2222222222222,11.1111111111111,66.6666666666667,22.2222222222222,11.1111111111111,0,11.1111111111111,77.7777777777778,11.1111111111111,11.1111111111111,55.5555555555556
"E00021440",6,3,0,3,0,0,0,0,6,3,0,3,50,0,50,0,0,0,0,100,50,0,50
"E00021441",13,6,3,4,1,0,0,1,12,6,3,3,46.1538461538462,23.0769230769231,30.7692307692308,7.69230769230769,0,0,7.69230769230769,92.3076923076923,46.1538461538462,23.0769230769231,23.0769230769231
"E00021442",14,1,3,10,2,0,2,0,12,1,1,10,7.14285714285714,21.4285714285714,71.4285714285714,14.2857142857143,0,14.2857142857143,0,85.7142857142857,7.14285714285714,7.14285714285714,71.4285714285714
"E00021443",10,4,3,3,0,0,0,0,10,4,3,3,40,30,30,0,0,0,0,100,40,30,30
"E00021444",7,2,0,5,0,0,0,0,7,2,0,5,28.5714285714286,0,71.4285714285714,0,0,0,0,100,28.5714285714286,0,71.4285714285714
"E00021445",9,1,0,8,1,0,0,1,8,1,0,7,11.1111111111111,0,88.8888888888889,11.1111111111111,0,0,11.1111111111111,88.8888888888889,11.1111111111111,0,77.7777777777778
"E00021446",12,3,1,8,2,0,0,2,10,3,1,6,25,8.33333333333333,66.6666666666667,16.6666666666667,0,0,16.6666666666667,83.3333333333333,25,8.33333333333333,50
"E00021447",0,0,0,0,0,0,0,0,0,0,0,0,0,0,0,0,0,0,0,0,0,0,0
"E00021448",16,3,3,10,1,0,0,1,15,3,3,9,18.75,18.75,62.5,6.25,0,0,6.25,93.75,18.75,18.75,56.25
"E00021449",5,1,0,4,0,0,0,0,5,1,0,4,20,0,80,0,0,0,0,100,20,0,80
"E00021450",6,0,2,4,2,0,1,1,4,0,1,3,0,33.3333333333333,66.6666666666667,33.3333333333333,0,16.6666666666667,16.6666666666667,66.6666666666667,0,16.6666666666667,50
"E00021451",12,4,2,6,2,1,1,0,10,3,1,6,33.3333333333333,16.6666666666667,50,16.6666666666667,8.33333333333333,8.33333333333333,0,83.3333333333333,25,8.33333333333333,50
"E00021452",7,4,0,3,0,0,0,0,7,4,0,3,57.1428571428571,0,42.8571428571429,0,0,0,0,100,57.1428571428571,0,42.8571428571429
"E00021453",6,0,1,5,1,0,0,1,5,0,1,4,0,16.6666666666667,83.3333333333333,16.6666666666667,0,0,16.6666666666667,83.3333333333333,0,16.6666666666667,66.6666666666667
"E00021454",15,5,4,6,0,0,0,0,15,5,4,6,33.3333333333333,26.6666666666667,40,0,0,0,0,100,33.3333333333333,26.6666666666667,40
"E00021455",21,7,5,9,1,0,0,1,20,7,5,8,33.3333333333333,23.8095238095238,42.8571428571429,4.76190476190476,0,0,4.76190476190476,95.2380952380952,33.3333333333333,23.8095238095238,38.0952380952381
"E00021458",2,0,2,0,0,0,0,0,2,0,2,0,0,100,0,0,0,0,0,100,0,100,0
"E00021459",6,1,1,4,0,0,0,0,6,1,1,4,16.6666666666667,16.6666666666667,66.6666666666667,0,0,0,0,100,16.6666666666667,16.6666666666667,66.6666666666667
"E00021460",13,2,5,6,0,0,0,0,13,2,5,6,15.3846153846154,38.4615384615385,46.1538461538462,0,0,0,0,100,15.3846153846154,38.4615384615385,46.1538461538462
"E00021461",8,2,0,6,0,0,0,0,8,2,0,6,25,0,75,0,0,0,0,100,25,0,75
"E00021462",11,2,0,9,1,0,0,1,10,2,0,8,18.1818181818182,0,81.8181818181818,9.09090909090909,0,0,9.09090909090909,90.9090909090909,18.1818181818182,0,72.7272727272727
"E00021463",9,1,3,5,0,0,0,0,9,1,3,5,11.1111111111111,33.3333333333333,55.5555555555556,0,0,0,0,100,11.1111111111111,33.3333333333333,55.5555555555556
"E00021464",19,6,2,11,1,1,0,0,18,5,2,11,31.5789473684211,10.5263157894737,57.8947368421053,5.26315789473684,5.26315789473684,0,0,94.7368421052632,26.3157894736842,10.5263157894737,57.8947368421053
"E00021465",13,2,1,10,0,0,0,0,13,2,1,10,15.3846153846154,7.69230769230769,76.9230769230769,0,0,0,0,100,15.3846153846154,7.69230769230769,76.9230769230769
"E00021466",8,1,1,6,0,0,0,0,8,1,1,6,12.5,12.5,75,0,0,0,0,100,12.5,12.5,75
"E00021467",13,3,2,8,0,0,0,0,13,3,2,8,23.0769230769231,15.3846153846154,61.5384615384615,0,0,0,0,100,23.0769230769231,15.3846153846154,61.5384615384615
"E00021468",6,3,1,2,0,0,0,0,6,3,1,2,50,16.6666666666667,33.3333333333333,0,0,0,0,100,50,16.6666666666667,33.3333333333333
"E00021469",15,4,0,11,0,0,0,0,15,4,0,11,26.6666666666667,0,73.3333333333333,0,0,0,0,100,26.6666666666667,0,73.3333333333333
"E00021470",3,0,0,3,0,0,0,0,3,0,0,3,0,0,100,0,0,0,0,100,0,0,100
"E00021471",20,6,6,8,1,0,1,0,19,6,5,8,30,30,40,5,0,5,0,95,30,25,40
"E00021473",3,1,1,1,0,0,0,0,3,1,1,1,33.3333333333333,33.3333333333333,33.3333333333333,0,0,0,0,100,33.3333333333333,33.3333333333333,33.3333333333333
"E00021474",13,1,0,12,1,0,0,1,12,1,0,11,7.69230769230769,0,92.3076923076923,7.69230769230769,0,0,7.69230769230769,92.3076923076923,7.69230769230769,0,84.6153846153846
"E00021475",6,1,1,4,0,0,0,0,6,1,1,4,16.6666666666667,16.6666666666667,66.6666666666667,0,0,0,0,100,16.6666666666667,16.6666666666667,66.6666666666667
"E00021476",20,7,3,10,0,0,0,0,20,7,3,10,35,15,50,0,0,0,0,100,35,15,50
"E00021477",8,0,0,8,0,0,0,0,8,0,0,8,0,0,100,0,0,0,0,100,0,0,100
"E00021478",8,2,2,4,0,0,0,0,8,2,2,4,25,25,50,0,0,0,0,100,25,25,50
"E00021479",8,1,3,4,1,0,1,0,7,1,2,4,12.5,37.5,50,12.5,0,12.5,0,87.5,12.5,25,50
"E00021480",7,1,0,6,0,0,0,0,7,1,0,6,14.2857142857143,0,85.7142857142857,0,0,0,0,100,14.2857142857143,0,85.7142857142857
"E00021481",6,0,0,6,0,0,0,0,6,0,0,6,0,0,100,0,0,0,0,100,0,0,100
"E00021482",6,1,2,3,1,0,0,1,5,1,2,2,16.6666666666667,33.3333333333333,50,16.6666666666667,0,0,16.6666666666667,83.3333333333333,16.6666666666667,33.3333333333333,33.3333333333333
"E00021483",14,3,2,9,0,0,0,0,14,3,2,9,21.4285714285714,14.2857142857143,64.2857142857143,0,0,0,0,100,21.4285714285714,14.2857142857143,64.2857142857143
"E00021484",0,0,0,0,0,0,0,0,0,0,0,0,0,0,0,0,0,0,0,0,0,0,0
"E00021485",18,4,5,9,1,0,1,0,17,4,4,9,22.2222222222222,27.7777777777778,50,5.55555555555556,0,5.55555555555556,0,94.4444444444444,22.2222222222222,22.2222222222222,50
"E00021486",8,3,0,5,0,0,0,0,8,3,0,5,37.5,0,62.5,0,0,0,0,100,37.5,0,62.5
"E00021487",6,1,0,5,0,0,0,0,6,1,0,5,16.6666666666667,0,83.3333333333333,0,0,0,0,100,16.6666666666667,0,83.3333333333333
"E00021488",18,4,4,10,4,0,2,2,14,4,2,8,22.2222222222222,22.2222222222222,55.5555555555556,22.2222222222222,0,11.1111111111111,11.1111111111111,77.7777777777778,22.2222222222222,11.1111111111111,44.4444444444444
"E00021489",15,3,4,8,0,0,0,0,15,3,4,8,20,26.6666666666667,53.3333333333333,0,0,0,0,100,20,26.6666666666667,53.3333333333333
"E00021490",14,5,3,6,0,0,0,0,14,5,3,6,35.7142857142857,21.4285714285714,42.8571428571429,0,0,0,0,100,35.7142857142857,21.4285714285714,42.8571428571429
"E00021491",13,4,1,8,1,0,0,1,12,4,1,7,30.7692307692308,7.69230769230769,61.5384615384615,7.69230769230769,0,0,7.69230769230769,92.3076923076923,30.7692307692308,7.69230769230769,53.8461538461538
"E00021492",15,2,1,12,0,0,0,0,15,2,1,12,13.3333333333333,6.66666666666667,80,0,0,0,0,100,13.3333333333333,6.66666666666667,80
"E00021493",18,4,4,10,1,0,1,0,17,4,3,10,22.2222222222222,22.2222222222222,55.5555555555556,5.55555555555556,0,5.55555555555556,0,94.4444444444444,22.2222222222222,16.6666666666667,55.5555555555556
"E00021494",19,3,3,13,6,2,2,2,13,1,1,11,15.7894736842105,15.7894736842105,68.4210526315789,31.5789473684211,10.5263157894737,10.5263157894737,10.5263157894737,68.4210526315789,5.26315789473684,5.26315789473684,57.8947368421053
"E00021495",19,1,6,12,2,0,2,0,17,1,4,12,5.26315789473684,31.5789473684211,63.1578947368421,10.5263157894737,0,10.5263157894737,0,89.4736842105263,5.26315789473684,21.0526315789474,63.1578947368421
"E00021496",18,5,2,11,3,0,0,3,15,5,2,8,27.7777777777778,11.1111111111111,61.1111111111111,16.6666666666667,0,0,16.6666666666667,83.3333333333333,27.7777777777778,11.1111111111111,44.4444444444444
"E00021497",13,2,0,11,1,1,0,0,12,1,0,11,15.3846153846154,0,84.6153846153846,7.69230769230769,7.69230769230769,0,0,92.3076923076923,7.69230769230769,0,84.6153846153846
"E00021498",21,8,1,12,1,0,0,1,20,8,1,11,38.0952380952381,4.76190476190476,57.1428571428571,4.76190476190476,0,0,4.76190476190476,95.2380952380952,38.0952380952381,4.76190476190476,52.3809523809524
"E00021499",9,3,0,6,0,0,0,0,9,3,0,6,33.3333333333333,0,66.6666666666667,0,0,0,0,100,33.3333333333333,0,66.6666666666667
"E00021500",9,3,1,5,1,0,1,0,8,3,0,5,33.3333333333333,11.1111111111111,55.5555555555556,11.1111111111111,0,11.1111111111111,0,88.8888888888889,33.3333333333333,0,55.5555555555556
"E00021501",10,1,1,8,0,0,0,0,10,1,1,8,10,10,80,0,0,0,0,100,10,10,80
"E00021502",17,2,1,14,0,0,0,0,17,2,1,14,11.7647058823529,5.88235294117647,82.3529411764706,0,0,0,0,100,11.7647058823529,5.88235294117647,82.3529411764706
"E00021503",18,4,3,11,2,0,0,2,16,4,3,9,22.2222222222222,16.6666666666667,61.1111111111111,11.1111111111111,0,0,11.1111111111111,88.8888888888889,22.2222222222222,16.6666666666667,50
"E00021504",9,1,0,8,1,0,0,1,8,1,0,7,11.1111111111111,0,88.8888888888889,11.1111111111111,0,0,11.1111111111111,88.8888888888889,11.1111111111111,0,77.7777777777778
"E00021505",9,3,1,5,4,1,1,2,5,2,0,3,33.3333333333333,11.1111111111111,55.5555555555556,44.4444444444444,11.1111111111111,11.1111111111111,22.2222222222222,55.5555555555556,22.2222222222222,0,33.3333333333333
"E00021506",11,3,3,5,0,0,0,0,11,3,3,5,27.2727272727273,27.2727272727273,45.4545454545455,0,0,0,0,100,27.2727272727273,27.2727272727273,45.4545454545455
"E00021507",8,1,1,6,1,0,0,1,7,1,1,5,12.5,12.5,75,12.5,0,0,12.5,87.5,12.5,12.5,62.5
"E00021508",11,1,3,7,1,0,0,1,10,1,3,6,9.09090909090909,27.2727272727273,63.6363636363636,9.09090909090909,0,0,9.09090909090909,90.9090909090909,9.09090909090909,27.2727272727273,54.5454545454545
"E00021509",16,6,1,9,1,0,0,1,15,6,1,8,37.5,6.25,56.25,6.25,0,0,6.25,93.75,37.5,6.25,50
"E00021510",4,1,1,2,1,1,0,0,3,0,1,2,25,25,50,25,25,0,0,75,0,25,50
"E00021511",0,0,0,0,0,0,0,0,0,0,0,0,0,0,0,0,0,0,0,0,0,0,0
"E00021516",9,4,1,4,1,0,0,1,8,4,1,3,44.4444444444444,11.1111111111111,44.4444444444444,11.1111111111111,0,0,11.1111111111111,88.8888888888889,44.4444444444444,11.1111111111111,33.3333333333333
"E00021517",14,4,0,10,1,0,0,1,13,4,0,9,28.5714285714286,0,71.4285714285714,7.14285714285714,0,0,7.14285714285714,92.8571428571429,28.5714285714286,0,64.2857142857143
"E00021518",8,3,2,3,0,0,0,0,8,3,2,3,37.5,25,37.5,0,0,0,0,100,37.5,25,37.5
"E00021519",7,1,2,4,2,0,2,0,5,1,0,4,14.2857142857143,28.5714285714286,57.1428571428571,28.5714285714286,0,28.5714285714286,0,71.4285714285714,14.2857142857143,0,57.1428571428571
"E00021520",3,1,0,2,0,0,0,0,3,1,0,2,33.3333333333333,0,66.6666666666667,0,0,0,0,100,33.3333333333333,0,66.6666666666667
"E00021521",12,3,3,6,1,0,1,0,11,3,2,6,25,25,50,8.33333333333333,0,8.33333333333333,0,91.6666666666667,25,16.6666666666667,50
"E00021522",17,5,2,10,2,0,1,1,15,5,1,9,29.4117647058824,11.7647058823529,58.8235294117647,11.7647058823529,0,5.88235294117647,5.88235294117647,88.2352941176471,29.4117647058824,5.88235294117647,52.9411764705882
"E00021524",24,5,3,16,1,0,1,0,23,5,2,16,20.8333333333333,12.5,66.6666666666667,4.16666666666667,0,4.16666666666667,0,95.8333333333333,20.8333333333333,8.33333333333333,66.6666666666667
"E00021525",4,0,1,3,0,0,0,0,4,0,1,3,0,25,75,0,0,0,0,100,0,25,75
"E00021526",4,1,2,1,1,0,1,0,3,1,1,1,25,50,25,25,0,25,0,75,25,25,25
"E00021527",11,3,3,5,1,1,0,0,10,2,3,5,27.2727272727273,27.2727272727273,45.4545454545455,9.09090909090909,9.09090909090909,0,0,90.9090909090909,18.1818181818182,27.2727272727273,45.4545454545455
"E00021528",10,3,2,5,0,0,0,0,10,3,2,5,30,20,50,0,0,0,0,100,30,20,50
"E00021529",8,0,1,7,0,0,0,0,8,0,1,7,0,12.5,87.5,0,0,0,0,100,0,12.5,87.5
"E00021531",28,5,10,13,5,0,4,1,23,5,6,12,17.8571428571429,35.7142857142857,46.4285714285714,17.8571428571429,0,14.2857142857143,3.57142857142857,82.1428571428571,17.8571428571429,21.4285714285714,42.8571428571429
"E00021532",3,2,1,0,0,0,0,0,3,2,1,0,66.6666666666667,33.3333333333333,0,0,0,0,0,100,66.6666666666667,33.3333333333333,0
"E00021533",3,1,1,1,2,1,1,0,1,0,0,1,33.3333333333333,33.3333333333333,33.3333333333333,66.6666666666667,33.3333333333333,33.3333333333333,0,33.3333333333333,0,0,33.3333333333333
"E00021534",2,0,1,1,0,0,0,0,2,0,1,1,0,50,50,0,0,0,0,100,0,50,50
"E00021535",5,1,1,3,0,0,0,0,5,1,1,3,20,20,60,0,0,0,0,100,20,20,60
"E00021536",3,0,0,3,0,0,0,0,3,0,0,3,0,0,100,0,0,0,0,100,0,0,100
"E00021537",4,1,1,2,0,0,0,0,4,1,1,2,25,25,50,0,0,0,0,100,25,25,50
"E00021538",7,0,2,5,2,0,0,2,5,0,2,3,0,28.5714285714286,71.4285714285714,28.5714285714286,0,0,28.5714285714286,71.4285714285714,0,28.5714285714286,42.8571428571429
"E00021539",0,0,0,0,0,0,0,0,0,0,0,0,0,0,0,0,0,0,0,0,0,0,0
"E00021541",1,0,0,1,0,0,0,0,1,0,0,1,0,0,100,0,0,0,0,100,0,0,100
"E00021542",0,0,0,0,0,0,0,0,0,0,0,0,0,0,0,0,0,0,0,0,0,0,0
"E00021543",1,1,0,0,0,0,0,0,1,1,0,0,100,0,0,0,0,0,0,100,100,0,0
"E00021544",3,0,3,0,1,0,1,0,2,0,2,0,0,100,0,33.3333333333333,0,33.3333333333333,0,66.6666666666667,0,66.6666666666667,0
"E00021546",6,0,6,0,5,0,5,0,1,0,1,0,0,100,0,83.3333333333333,0,83.3333333333333,0,16.6666666666667,0,16.6666666666667,0
"E00021547",6,2,1,3,2,0,0,2,4,2,1,1,33.3333333333333,16.6666666666667,50,33.3333333333333,0,0,33.3333333333333,66.6666666666667,33.3333333333333,16.6666666666667,16.6666666666667
"E00021549",12,1,4,7,0,0,0,0,12,1,4,7,8.33333333333333,33.3333333333333,58.3333333333333,0,0,0,0,100,8.33333333333333,33.3333333333333,58.3333333333333
"E00021550",23,6,4,13,0,0,0,0,23,6,4,13,26.0869565217391,17.3913043478261,56.5217391304348,0,0,0,0,100,26.0869565217391,17.3913043478261,56.5217391304348
"E00021552",11,6,0,5,1,0,0,1,10,6,0,4,54.5454545454545,0,45.4545454545455,9.09090909090909,0,0,9.09090909090909,90.9090909090909,54.5454545454545,0,36.3636363636364
"E00021553",15,4,1,10,0,0,0,0,15,4,1,10,26.6666666666667,6.66666666666667,66.6666666666667,0,0,0,0,100,26.6666666666667,6.66666666666667,66.6666666666667
"E00021554",13,6,1,6,0,0,0,0,13,6,1,6,46.1538461538462,7.69230769230769,46.1538461538462,0,0,0,0,100,46.1538461538462,7.69230769230769,46.1538461538462
"E00021555",20,3,6,11,4,0,4,0,16,3,2,11,15,30,55,20,0,20,0,80,15,10,55
"E00021556",3,1,0,2,1,0,0,1,2,1,0,1,33.3333333333333,0,66.6666666666667,33.3333333333333,0,0,33.3333333333333,66.6666666666667,33.3333333333333,0,33.3333333333333
"E00021557",3,0,1,2,1,0,1,0,2,0,0,2,0,33.3333333333333,66.6666666666667,33.3333333333333,0,33.3333333333333,0,66.6666666666667,0,0,66.6666666666667
"E00021559",7,1,3,3,0,0,0,0,7,1,3,3,14.2857142857143,42.8571428571429,42.8571428571429,0,0,0,0,100,14.2857142857143,42.8571428571429,42.8571428571429
"E00021560",12,2,0,10,0,0,0,0,12,2,0,10,16.6666666666667,0,83.3333333333333,0,0,0,0,100,16.6666666666667,0,83.3333333333333
"E00021561",4,1,1,2,0,0,0,0,4,1,1,2,25,25,50,0,0,0,0,100,25,25,50
"E00021562",8,3,1,4,0,0,0,0,8,3,1,4,37.5,12.5,50,0,0,0,0,100,37.5,12.5,50
"E00021563",10,2,0,8,2,0,0,2,8,2,0,6,20,0,80,20,0,0,20,80,20,0,60
"E00021564",3,0,1,2,1,0,1,0,2,0,0,2,0,33.3333333333333,66.6666666666667,33.3333333333333,0,33.3333333333333,0,66.6666666666667,0,0,66.6666666666667
"E00021565",8,1,0,7,0,0,0,0,8,1,0,7,12.5,0,87.5,0,0,0,0,100,12.5,0,87.5
"E00021566",7,2,3,2,3,0,3,0,4,2,0,2,28.5714285714286,42.8571428571429,28.5714285714286,42.8571428571429,0,42.8571428571429,0,57.1428571428571,28.5714285714286,0,28.5714285714286
"E00021567",5,1,0,4,1,0,0,1,4,1,0,3,20,0,80,20,0,0,20,80,20,0,60
"E00021569",5,0,0,5,0,0,0,0,5,0,0,5,0,0,100,0,0,0,0,100,0,0,100
"E00021572",6,0,1,5,0,0,0,0,6,0,1,5,0,16.6666666666667,83.3333333333333,0,0,0,0,100,0,16.6666666666667,83.3333333333333
"E00021574",4,0,0,4,0,0,0,0,4,0,0,4,0,0,100,0,0,0,0,100,0,0,100
"E00021577",15,4,3,8,1,0,0,1,14,4,3,7,26.6666666666667,20,53.3333333333333,6.66666666666667,0,0,6.66666666666667,93.3333333333333,26.6666666666667,20,46.6666666666667
"E00021579",6,1,1,4,0,0,0,0,6,1,1,4,16.6666666666667,16.6666666666667,66.6666666666667,0,0,0,0,100,16.6666666666667,16.6666666666667,66.6666666666667
"E00021580",10,2,0,8,1,0,0,1,9,2,0,7,20,0,80,10,0,0,10,90,20,0,70
"E00021582",10,3,0,7,0,0,0,0,10,3,0,7,30,0,70,0,0,0,0,100,30,0,70
"E00021583",14,2,1,11,3,0,0,3,11,2,1,8,14.2857142857143,7.14285714285714,78.5714285714286,21.4285714285714,0,0,21.4285714285714,78.5714285714286,14.2857142857143,7.14285714285714,57.1428571428571
"E00021584",10,3,4,3,0,0,0,0,10,3,4,3,30,40,30,0,0,0,0,100,30,40,30
"E00021585",9,1,1,7,0,0,0,0,9,1,1,7,11.1111111111111,11.1111111111111,77.7777777777778,0,0,0,0,100,11.1111111111111,11.1111111111111,77.7777777777778
"E00021586",10,4,0,6,1,0,0,1,9,4,0,5,40,0,60,10,0,0,10,90,40,0,50
"E00021587",10,1,4,5,0,0,0,0,10,1,4,5,10,40,50,0,0,0,0,100,10,40,50
"E00021588",13,2,1,10,0,0,0,0,13,2,1,10,15.3846153846154,7.69230769230769,76.9230769230769,0,0,0,0,100,15.3846153846154,7.69230769230769,76.9230769230769
"E00021590",11,2,1,8,0,0,0,0,11,2,1,8,18.1818181818182,9.09090909090909,72.7272727272727,0,0,0,0,100,18.1818181818182,9.09090909090909,72.7272727272727
"E00021591",31,5,5,21,2,2,0,0,29,3,5,21,16.1290322580645,16.1290322580645,67.741935483871,6.45161290322581,6.45161290322581,0,0,93.5483870967742,9.67741935483871,16.1290322580645,67.741935483871
"E00021592",7,2,0,5,0,0,0,0,7,2,0,5,28.5714285714286,0,71.4285714285714,0,0,0,0,100,28.5714285714286,0,71.4285714285714
"E00021593",0,0,0,0,0,0,0,0,0,0,0,0,0,0,0,0,0,0,0,0,0,0,0
"E00021594",7,0,3,4,2,0,2,0,5,0,1,4,0,42.8571428571429,57.1428571428571,28.5714285714286,0,28.5714285714286,0,71.4285714285714,0,14.2857142857143,57.1428571428571
"E00021595",5,2,0,3,0,0,0,0,5,2,0,3,40,0,60,0,0,0,0,100,40,0,60
"E00021596",9,1,3,5,1,0,1,0,8,1,2,5,11.1111111111111,33.3333333333333,55.5555555555556,11.1111111111111,0,11.1111111111111,0,88.8888888888889,11.1111111111111,22.2222222222222,55.5555555555556
"E00021597",8,3,2,3,1,1,0,0,7,2,2,3,37.5,25,37.5,12.5,12.5,0,0,87.5,25,25,37.5
"E00021598",0,0,0,0,0,0,0,0,0,0,0,0,0,0,0,0,0,0,0,0,0,0,0
"E00021599",1,0,1,0,0,0,0,0,1,0,1,0,0,100,0,0,0,0,0,100,0,100,0
"E00021600",4,2,0,2,0,0,0,0,4,2,0,2,50,0,50,0,0,0,0,100,50,0,50
"E00021601",1,0,1,0,0,0,0,0,1,0,1,0,0,100,0,0,0,0,0,100,0,100,0
"E00021602",4,1,0,3,0,0,0,0,4,1,0,3,25,0,75,0,0,0,0,100,25,0,75
"E00021603",1,0,1,0,0,0,0,0,1,0,1,0,0,100,0,0,0,0,0,100,0,100,0
"E00021604",12,1,4,7,1,0,0,1,11,1,4,6,8.33333333333333,33.3333333333333,58.3333333333333,8.33333333333333,0,0,8.33333333333333,91.6666666666667,8.33333333333333,33.3333333333333,50
"E00021605",2,1,1,0,0,0,0,0,2,1,1,0,50,50,0,0,0,0,0,100,50,50,0
"E00021606",1,0,1,0,0,0,0,0,1,0,1,0,0,100,0,0,0,0,0,100,0,100,0
"E00021607",9,2,2,5,0,0,0,0,9,2,2,5,22.2222222222222,22.2222222222222,55.5555555555556,0,0,0,0,100,22.2222222222222,22.2222222222222,55.5555555555556
"E00021608",5,1,3,1,0,0,0,0,5,1,3,1,20,60,20,0,0,0,0,100,20,60,20
"E00021610",7,0,2,5,0,0,0,0,7,0,2,5,0,28.5714285714286,71.4285714285714,0,0,0,0,100,0,28.5714285714286,71.4285714285714
"E00021611",4,0,3,1,1,0,1,0,3,0,2,1,0,75,25,25,0,25,0,75,0,50,25
"E00021612",3,0,0,3,0,0,0,0,3,0,0,3,0,0,100,0,0,0,0,100,0,0,100
"E00021613",0,0,0,0,0,0,0,0,0,0,0,0,0,0,0,0,0,0,0,0,0,0,0
"E00021614",0,0,0,0,0,0,0,0,0,0,0,0,0,0,0,0,0,0,0,0,0,0,0
"E00021615",4,1,2,1,1,0,1,0,3,1,1,1,25,50,25,25,0,25,0,75,25,25,25
"E00021616",8,3,0,5,1,1,0,0,7,2,0,5,37.5,0,62.5,12.5,12.5,0,0,87.5,25,0,62.5
"E00021617",0,0,0,0,0,0,0,0,0,0,0,0,0,0,0,0,0,0,0,0,0,0,0
"E00021618",8,0,0,8,1,0,0,1,7,0,0,7,0,0,100,12.5,0,0,12.5,87.5,0,0,87.5
"E00021619",16,3,2,11,0,0,0,0,16,3,2,11,18.75,12.5,68.75,0,0,0,0,100,18.75,12.5,68.75
"E00021620",6,2,2,2,1,0,1,0,5,2,1,2,33.3333333333333,33.3333333333333,33.3333333333333,16.6666666666667,0,16.6666666666667,0,83.3333333333333,33.3333333333333,16.6666666666667,33.3333333333333
"E00021621",4,1,1,2,0,0,0,0,4,1,1,2,25,25,50,0,0,0,0,100,25,25,50
"E00021622",2,1,0,1,1,1,0,0,1,0,0,1,50,0,50,50,50,0,0,50,0,0,50
"E00021623",9,3,3,3,0,0,0,0,9,3,3,3,33.3333333333333,33.3333333333333,33.3333333333333,0,0,0,0,100,33.3333333333333,33.3333333333333,33.3333333333333
"E00021624",0,0,0,0,0,0,0,0,0,0,0,0,0,0,0,0,0,0,0,0,0,0,0
"E00021625",3,0,3,0,3,0,3,0,0,0,0,0,0,100,0,100,0,100,0,0,0,0,0
"E00021626",0,0,0,0,0,0,0,0,0,0,0,0,0,0,0,0,0,0,0,0,0,0,0
"E00021627",1,0,0,1,0,0,0,0,1,0,0,1,0,0,100,0,0,0,0,100,0,0,100
"E00021628",1,1,0,0,0,0,0,0,1,1,0,0,100,0,0,0,0,0,0,100,100,0,0
"E00021629",4,2,2,0,0,0,0,0,4,2,2,0,50,50,0,0,0,0,0,100,50,50,0
"E00021630",9,2,3,4,0,0,0,0,9,2,3,4,22.2222222222222,33.3333333333333,44.4444444444444,0,0,0,0,100,22.2222222222222,33.3333333333333,44.4444444444444
"E00021631",3,0,1,2,0,0,0,0,3,0,1,2,0,33.3333333333333,66.6666666666667,0,0,0,0,100,0,33.3333333333333,66.6666666666667
"E00021632",3,0,1,2,0,0,0,0,3,0,1,2,0,33.3333333333333,66.6666666666667,0,0,0,0,100,0,33.3333333333333,66.6666666666667
"E00021633",1,0,1,0,0,0,0,0,1,0,1,0,0,100,0,0,0,0,0,100,0,100,0
"E00021634",2,0,1,1,1,0,1,0,1,0,0,1,0,50,50,50,0,50,0,50,0,0,50
"E00021635",2,0,2,0,1,0,1,0,1,0,1,0,0,100,0,50,0,50,0,50,0,50,0
"E00021636",12,3,1,8,0,0,0,0,12,3,1,8,25,8.33333333333333,66.6666666666667,0,0,0,0,100,25,8.33333333333333,66.6666666666667
"E00021637",22,5,3,14,2,1,0,1,20,4,3,13,22.7272727272727,13.6363636363636,63.6363636363636,9.09090909090909,4.54545454545455,0,4.54545454545455,90.9090909090909,18.1818181818182,13.6363636363636,59.0909090909091
"E00021639",7,2,3,2,1,1,0,0,6,1,3,2,28.5714285714286,42.8571428571429,28.5714285714286,14.2857142857143,14.2857142857143,0,0,85.7142857142857,14.2857142857143,42.8571428571429,28.5714285714286
"E00021640",12,1,3,8,1,0,0,1,11,1,3,7,8.33333333333333,25,66.6666666666667,8.33333333333333,0,0,8.33333333333333,91.6666666666667,8.33333333333333,25,58.3333333333333
"E00021641",12,2,0,10,0,0,0,0,12,2,0,10,16.6666666666667,0,83.3333333333333,0,0,0,0,100,16.6666666666667,0,83.3333333333333
"E00021642",5,1,1,3,0,0,0,0,5,1,1,3,20,20,60,0,0,0,0,100,20,20,60
"E00021643",8,1,1,6,1,0,0,1,7,1,1,5,12.5,12.5,75,12.5,0,0,12.5,87.5,12.5,12.5,62.5
"E00021644",14,5,0,9,0,0,0,0,14,5,0,9,35.7142857142857,0,64.2857142857143,0,0,0,0,100,35.7142857142857,0,64.2857142857143
"E00021646",20,2,1,17,1,0,0,1,19,2,1,16,10,5,85,5,0,0,5,95,10,5,80
"E00021648",1,0,1,0,0,0,0,0,1,0,1,0,0,100,0,0,0,0,0,100,0,100,0
"E00021649",4,0,0,4,0,0,0,0,4,0,0,4,0,0,100,0,0,0,0,100,0,0,100
"E00021650",2,0,0,2,0,0,0,0,2,0,0,2,0,0,100,0,0,0,0,100,0,0,100
"E00021651",5,2,2,1,0,0,0,0,5,2,2,1,40,40,20,0,0,0,0,100,40,40,20
"E00021652",0,0,0,0,0,0,0,0,0,0,0,0,0,0,0,0,0,0,0,0,0,0,0
"E00021653",13,6,1,6,0,0,0,0,13,6,1,6,46.1538461538462,7.69230769230769,46.1538461538462,0,0,0,0,100,46.1538461538462,7.69230769230769,46.1538461538462
"E00021654",14,5,4,5,1,0,0,1,13,5,4,4,35.7142857142857,28.5714285714286,35.7142857142857,7.14285714285714,0,0,7.14285714285714,92.8571428571429,35.7142857142857,28.5714285714286,28.5714285714286
"E00021655",5,0,0,5,0,0,0,0,5,0,0,5,0,0,100,0,0,0,0,100,0,0,100
"E00021656",7,1,0,6,0,0,0,0,7,1,0,6,14.2857142857143,0,85.7142857142857,0,0,0,0,100,14.2857142857143,0,85.7142857142857
"E00021657",1,1,0,0,0,0,0,0,1,1,0,0,100,0,0,0,0,0,0,100,100,0,0
"E00021658",1,0,1,0,0,0,0,0,1,0,1,0,0,100,0,0,0,0,0,100,0,100,0
"E00021659",8,2,1,5,0,0,0,0,8,2,1,5,25,12.5,62.5,0,0,0,0,100,25,12.5,62.5
"E00021660",3,0,1,2,0,0,0,0,3,0,1,2,0,33.3333333333333,66.6666666666667,0,0,0,0,100,0,33.3333333333333,66.6666666666667
"E00021661",16,2,1,13,0,0,0,0,16,2,1,13,12.5,6.25,81.25,0,0,0,0,100,12.5,6.25,81.25
"E00021662",19,6,1,12,0,0,0,0,19,6,1,12,31.5789473684211,5.26315789473684,63.1578947368421,0,0,0,0,100,31.5789473684211,5.26315789473684,63.1578947368421
"E00021663",8,2,2,4,2,1,0,1,6,1,2,3,25,25,50,25,12.5,0,12.5,75,12.5,25,37.5
"E00021665",16,4,0,12,0,0,0,0,16,4,0,12,25,0,75,0,0,0,0,100,25,0,75
"E00021666",19,1,8,10,2,0,1,1,17,1,7,9,5.26315789473684,42.1052631578947,52.6315789473684,10.5263157894737,0,5.26315789473684,5.26315789473684,89.4736842105263,5.26315789473684,36.8421052631579,47.3684210526316
"E00021667",12,2,0,10,0,0,0,0,12,2,0,10,16.6666666666667,0,83.3333333333333,0,0,0,0,100,16.6666666666667,0,83.3333333333333
"E00021668",24,6,2,16,1,0,0,1,23,6,2,15,25,8.33333333333333,66.6666666666667,4.16666666666667,0,0,4.16666666666667,95.8333333333333,25,8.33333333333333,62.5
"E00021669",13,1,3,9,1,0,1,0,12,1,2,9,7.69230769230769,23.0769230769231,69.2307692307692,7.69230769230769,0,7.69230769230769,0,92.3076923076923,7.69230769230769,15.3846153846154,69.2307692307692
"E00021670",18,3,1,14,0,0,0,0,18,3,1,14,16.6666666666667,5.55555555555556,77.7777777777778,0,0,0,0,100,16.6666666666667,5.55555555555556,77.7777777777778
"E00021671",11,1,1,9,0,0,0,0,11,1,1,9,9.09090909090909,9.09090909090909,81.8181818181818,0,0,0,0,100,9.09090909090909,9.09090909090909,81.8181818181818
"E00021672",5,1,0,4,0,0,0,0,5,1,0,4,20,0,80,0,0,0,0,100,20,0,80
"E00021673",3,0,1,2,1,0,0,1,2,0,1,1,0,33.3333333333333,66.6666666666667,33.3333333333333,0,0,33.3333333333333,66.6666666666667,0,33.3333333333333,33.3333333333333
"E00021674",4,0,2,2,0,0,0,0,4,0,2,2,0,50,50,0,0,0,0,100,0,50,50
"E00021675",14,2,0,12,3,0,0,3,11,2,0,9,14.2857142857143,0,85.7142857142857,21.4285714285714,0,0,21.4285714285714,78.5714285714286,14.2857142857143,0,64.2857142857143
"E00021676",0,0,0,0,0,0,0,0,0,0,0,0,0,0,0,0,0,0,0,0,0,0,0
"E00021677",5,1,1,3,1,0,0,1,4,1,1,2,20,20,60,20,0,0,20,80,20,20,40
"E00021678",4,0,1,3,0,0,0,0,4,0,1,3,0,25,75,0,0,0,0,100,0,25,75
"E00021679",1,0,0,1,0,0,0,0,1,0,0,1,0,0,100,0,0,0,0,100,0,0,100
"E00021680",3,0,0,3,0,0,0,0,3,0,0,3,0,0,100,0,0,0,0,100,0,0,100
"E00021681",4,0,1,3,1,0,1,0,3,0,0,3,0,25,75,25,0,25,0,75,0,0,75
"E00021682",6,0,0,6,0,0,0,0,6,0,0,6,0,0,100,0,0,0,0,100,0,0,100
"E00021683",10,0,0,10,1,0,0,1,9,0,0,9,0,0,100,10,0,0,10,90,0,0,90
"E00021685",8,3,0,5,0,0,0,0,8,3,0,5,37.5,0,62.5,0,0,0,0,100,37.5,0,62.5
"E00021686",9,2,2,5,1,0,1,0,8,2,1,5,22.2222222222222,22.2222222222222,55.5555555555556,11.1111111111111,0,11.1111111111111,0,88.8888888888889,22.2222222222222,11.1111111111111,55.5555555555556
"E00021687",3,1,0,2,0,0,0,0,3,1,0,2,33.3333333333333,0,66.6666666666667,0,0,0,0,100,33.3333333333333,0,66.6666666666667
"E00021688",6,0,0,6,0,0,0,0,6,0,0,6,0,0,100,0,0,0,0,100,0,0,100
"E00021689",0,0,0,0,0,0,0,0,0,0,0,0,0,0,0,0,0,0,0,0,0,0,0
"E00021690",2,0,0,2,0,0,0,0,2,0,0,2,0,0,100,0,0,0,0,100,0,0,100
"E00021691",3,0,1,2,2,0,1,1,1,0,0,1,0,33.3333333333333,66.6666666666667,66.6666666666667,0,33.3333333333333,33.3333333333333,33.3333333333333,0,0,33.3333333333333
"E00021692",4,1,1,2,1,0,1,0,3,1,0,2,25,25,50,25,0,25,0,75,25,0,50
"E00021693",3,2,0,1,0,0,0,0,3,2,0,1,66.6666666666667,0,33.3333333333333,0,0,0,0,100,66.6666666666667,0,33.3333333333333
"E00021694",8,0,2,6,1,0,1,0,7,0,1,6,0,25,75,12.5,0,12.5,0,87.5,0,12.5,75
"E00021695",4,1,1,2,1,0,1,0,3,1,0,2,25,25,50,25,0,25,0,75,25,0,50
"E00021696",5,1,0,4,0,0,0,0,5,1,0,4,20,0,80,0,0,0,0,100,20,0,80
"E00021697",13,4,2,7,0,0,0,0,13,4,2,7,30.7692307692308,15.3846153846154,53.8461538461538,0,0,0,0,100,30.7692307692308,15.3846153846154,53.8461538461538
"E00021698",2,0,1,1,0,0,0,0,2,0,1,1,0,50,50,0,0,0,0,100,0,50,50
"E00021699",13,0,3,10,1,0,0,1,12,0,3,9,0,23.0769230769231,76.9230769230769,7.69230769230769,0,0,7.69230769230769,92.3076923076923,0,23.0769230769231,69.2307692307692
"E00021700",10,2,2,6,0,0,0,0,10,2,2,6,20,20,60,0,0,0,0,100,20,20,60
"E00021701",10,4,2,4,0,0,0,0,10,4,2,4,40,20,40,0,0,0,0,100,40,20,40
"E00021702",20,4,0,16,0,0,0,0,20,4,0,16,20,0,80,0,0,0,0,100,20,0,80
"E00021703",5,2,0,3,1,0,0,1,4,2,0,2,40,0,60,20,0,0,20,80,40,0,40
"E00021704",16,2,3,11,2,0,1,1,14,2,2,10,12.5,18.75,68.75,12.5,0,6.25,6.25,87.5,12.5,12.5,62.5
"E00021705",13,3,2,8,0,0,0,0,13,3,2,8,23.0769230769231,15.3846153846154,61.5384615384615,0,0,0,0,100,23.0769230769231,15.3846153846154,61.5384615384615
"E00021706",10,1,0,9,0,0,0,0,10,1,0,9,10,0,90,0,0,0,0,100,10,0,90
"E00021707",10,3,1,6,1,0,0,1,9,3,1,5,30,10,60,10,0,0,10,90,30,10,50
"E00021708",3,0,1,2,0,0,0,0,3,0,1,2,0,33.3333333333333,66.6666666666667,0,0,0,0,100,0,33.3333333333333,66.6666666666667
"E00021709",5,0,0,5,0,0,0,0,5,0,0,5,0,0,100,0,0,0,0,100,0,0,100
"E00021710",6,2,2,2,0,0,0,0,6,2,2,2,33.3333333333333,33.3333333333333,33.3333333333333,0,0,0,0,100,33.3333333333333,33.3333333333333,33.3333333333333
"E00021711",15,0,2,13,0,0,0,0,15,0,2,13,0,13.3333333333333,86.6666666666667,0,0,0,0,100,0,13.3333333333333,86.6666666666667
"E00021712",1,0,0,1,0,0,0,0,1,0,0,1,0,0,100,0,0,0,0,100,0,0,100
"E00021713",11,4,0,7,0,0,0,0,11,4,0,7,36.3636363636364,0,63.6363636363636,0,0,0,0,100,36.3636363636364,0,63.6363636363636
"E00021714",3,0,2,1,0,0,0,0,3,0,2,1,0,66.6666666666667,33.3333333333333,0,0,0,0,100,0,66.6666666666667,33.3333333333333
"E00021715",19,5,2,12,3,0,0,3,16,5,2,9,26.3157894736842,10.5263157894737,63.1578947368421,15.7894736842105,0,0,15.7894736842105,84.2105263157895,26.3157894736842,10.5263157894737,47.3684210526316
"E00021716",2,0,2,0,0,0,0,0,2,0,2,0,0,100,0,0,0,0,0,100,0,100,0
"E00021717",7,2,1,4,0,0,0,0,7,2,1,4,28.5714285714286,14.2857142857143,57.1428571428571,0,0,0,0,100,28.5714285714286,14.2857142857143,57.1428571428571
"E00021718",9,0,3,6,1,0,1,0,8,0,2,6,0,33.3333333333333,66.6666666666667,11.1111111111111,0,11.1111111111111,0,88.8888888888889,0,22.2222222222222,66.6666666666667
"E00021719",6,1,1,4,0,0,0,0,6,1,1,4,16.6666666666667,16.6666666666667,66.6666666666667,0,0,0,0,100,16.6666666666667,16.6666666666667,66.6666666666667
"E00021722",13,4,5,4,1,0,1,0,12,4,4,4,30.7692307692308,38.4615384615385,30.7692307692308,7.69230769230769,0,7.69230769230769,0,92.3076923076923,30.7692307692308,30.7692307692308,30.7692307692308
"E00021723",11,2,2,7,0,0,0,0,11,2,2,7,18.1818181818182,18.1818181818182,63.6363636363636,0,0,0,0,100,18.1818181818182,18.1818181818182,63.6363636363636
"E00021724",7,2,3,2,3,1,2,0,4,1,1,2,28.5714285714286,42.8571428571429,28.5714285714286,42.8571428571429,14.2857142857143,28.5714285714286,0,57.1428571428571,14.2857142857143,14.2857142857143,28.5714285714286
"E00021725",1,0,1,0,0,0,0,0,1,0,1,0,0,100,0,0,0,0,0,100,0,100,0
"E00021726",21,3,2,16,3,0,1,2,18,3,1,14,14.2857142857143,9.52380952380952,76.1904761904762,14.2857142857143,0,4.76190476190476,9.52380952380952,85.7142857142857,14.2857142857143,4.76190476190476,66.6666666666667
"E00021727",17,3,4,10,1,0,0,1,16,3,4,9,17.6470588235294,23.5294117647059,58.8235294117647,5.88235294117647,0,0,5.88235294117647,94.1176470588235,17.6470588235294,23.5294117647059,52.9411764705882
"E00021728",10,1,4,5,0,0,0,0,10,1,4,5,10,40,50,0,0,0,0,100,10,40,50
"E00021729",4,1,0,3,0,0,0,0,4,1,0,3,25,0,75,0,0,0,0,100,25,0,75
"E00021730",12,5,0,7,0,0,0,0,12,5,0,7,41.6666666666667,0,58.3333333333333,0,0,0,0,100,41.6666666666667,0,58.3333333333333
"E00021731",15,1,5,9,0,0,0,0,15,1,5,9,6.66666666666667,33.3333333333333,60,0,0,0,0,100,6.66666666666667,33.3333333333333,60
"E00021732",7,1,1,5,1,0,1,0,6,1,0,5,14.2857142857143,14.2857142857143,71.4285714285714,14.2857142857143,0,14.2857142857143,0,85.7142857142857,14.2857142857143,0,71.4285714285714
"E00021733",1,0,0,1,0,0,0,0,1,0,0,1,0,0,100,0,0,0,0,100,0,0,100
"E00021734",14,1,0,13,0,0,0,0,14,1,0,13,7.14285714285714,0,92.8571428571429,0,0,0,0,100,7.14285714285714,0,92.8571428571429
"E00021735",10,5,0,5,1,0,0,1,9,5,0,4,50,0,50,10,0,0,10,90,50,0,40
"E00021736",6,2,1,3,0,0,0,0,6,2,1,3,33.3333333333333,16.6666666666667,50,0,0,0,0,100,33.3333333333333,16.6666666666667,50
"E00021737",1,0,0,1,0,0,0,0,1,0,0,1,0,0,100,0,0,0,0,100,0,0,100
"E00021738",10,2,2,6,1,0,1,0,9,2,1,6,20,20,60,10,0,10,0,90,20,10,60
"E00021739",4,0,1,3,0,0,0,0,4,0,1,3,0,25,75,0,0,0,0,100,0,25,75
"E00021740",9,3,1,5,0,0,0,0,9,3,1,5,33.3333333333333,11.1111111111111,55.5555555555556,0,0,0,0,100,33.3333333333333,11.1111111111111,55.5555555555556
"E00021741",0,0,0,0,0,0,0,0,0,0,0,0,0,0,0,0,0,0,0,0,0,0,0
"E00021742",13,3,2,8,1,0,0,1,12,3,2,7,23.0769230769231,15.3846153846154,61.5384615384615,7.69230769230769,0,0,7.69230769230769,92.3076923076923,23.0769230769231,15.3846153846154,53.8461538461538
"E00021743",4,1,0,3,0,0,0,0,4,1,0,3,25,0,75,0,0,0,0,100,25,0,75
"E00021744",9,1,2,6,0,0,0,0,9,1,2,6,11.1111111111111,22.2222222222222,66.6666666666667,0,0,0,0,100,11.1111111111111,22.2222222222222,66.6666666666667
"E00021745",7,2,0,5,1,0,0,1,6,2,0,4,28.5714285714286,0,71.4285714285714,14.2857142857143,0,0,14.2857142857143,85.7142857142857,28.5714285714286,0,57.1428571428571
"E00021746",0,0,0,0,0,0,0,0,0,0,0,0,0,0,0,0,0,0,0,0,0,0,0
"E00021748",4,0,0,4,0,0,0,0,4,0,0,4,0,0,100,0,0,0,0,100,0,0,100
"E00021750",15,1,0,14,3,0,0,3,12,1,0,11,6.66666666666667,0,93.3333333333333,20,0,0,20,80,6.66666666666667,0,73.3333333333333
"E00021752",8,1,2,5,1,0,1,0,7,1,1,5,12.5,25,62.5,12.5,0,12.5,0,87.5,12.5,12.5,62.5
"E00021753",10,1,2,7,0,0,0,0,10,1,2,7,10,20,70,0,0,0,0,100,10,20,70
"E00021754",5,3,0,2,0,0,0,0,5,3,0,2,60,0,40,0,0,0,0,100,60,0,40
"E00021755",7,2,0,5,0,0,0,0,7,2,0,5,28.5714285714286,0,71.4285714285714,0,0,0,0,100,28.5714285714286,0,71.4285714285714
"E00021756",3,0,1,2,0,0,0,0,3,0,1,2,0,33.3333333333333,66.6666666666667,0,0,0,0,100,0,33.3333333333333,66.6666666666667
"E00021757",7,2,0,5,0,0,0,0,7,2,0,5,28.5714285714286,0,71.4285714285714,0,0,0,0,100,28.5714285714286,0,71.4285714285714
"E00021758",5,1,2,2,0,0,0,0,5,1,2,2,20,40,40,0,0,0,0,100,20,40,40
"E00021759",7,1,1,5,0,0,0,0,7,1,1,5,14.2857142857143,14.2857142857143,71.4285714285714,0,0,0,0,100,14.2857142857143,14.2857142857143,71.4285714285714
"E00021760",12,1,3,8,0,0,0,0,12,1,3,8,8.33333333333333,25,66.6666666666667,0,0,0,0,100,8.33333333333333,25,66.6666666666667
"E00021761",3,1,1,1,0,0,0,0,3,1,1,1,33.3333333333333,33.3333333333333,33.3333333333333,0,0,0,0,100,33.3333333333333,33.3333333333333,33.3333333333333
"E00021762",5,0,0,5,0,0,0,0,5,0,0,5,0,0,100,0,0,0,0,100,0,0,100
"E00021763",8,2,1,5,1,0,0,1,7,2,1,4,25,12.5,62.5,12.5,0,0,12.5,87.5,25,12.5,50
"E00021764",2,1,1,0,0,0,0,0,2,1,1,0,50,50,0,0,0,0,0,100,50,50,0
"E00021766",8,0,1,7,0,0,0,0,8,0,1,7,0,12.5,87.5,0,0,0,0,100,0,12.5,87.5
"E00021767",8,1,1,6,3,0,0,3,5,1,1,3,12.5,12.5,75,37.5,0,0,37.5,62.5,12.5,12.5,37.5
"E00167078",3,0,0,3,1,0,0,1,2,0,0,2,0,0,100,33.3333333333333,0,0,33.3333333333333,66.6666666666667,0,0,66.6666666666667
"E00167079",0,0,0,0,0,0,0,0,0,0,0,0,0,0,0,0,0,0,0,0,0,0,0
"E00167080",15,3,2,10,1,0,0,1,14,3,2,9,20,13.3333333333333,66.6666666666667,6.66666666666667,0,0,6.66666666666667,93.3333333333333,20,13.3333333333333,60
"E00167081",1,0,0,1,0,0,0,0,1,0,0,1,0,0,100,0,0,0,0,100,0,0,100
"E00167082",2,0,0,2,1,0,0,1,1,0,0,1,0,0,100,50,0,0,50,50,0,0,50
"E00167083",7,0,0,7,1,0,0,1,6,0,0,6,0,0,100,14.2857142857143,0,0,14.2857142857143,85.7142857142857,0,0,85.7142857142857
"E00167084",14,0,3,11,0,0,0,0,14,0,3,11,0,21.4285714285714,78.5714285714286,0,0,0,0,100,0,21.4285714285714,78.5714285714286
"E00167085",14,3,0,11,0,0,0,0,14,3,0,11,21.4285714285714,0,78.5714285714286,0,0,0,0,100,21.4285714285714,0,78.5714285714286
"E00167086",11,2,1,8,0,0,0,0,11,2,1,8,18.1818181818182,9.09090909090909,72.7272727272727,0,0,0,0,100,18.1818181818182,9.09090909090909,72.7272727272727
"E00167087",2,0,1,1,0,0,0,0,2,0,1,1,0,50,50,0,0,0,0,100,0,50,50
"E00167088",4,0,0,4,0,0,0,0,4,0,0,4,0,0,100,0,0,0,0,100,0,0,100
"E00167089",3,2,0,1,0,0,0,0,3,2,0,1,66.6666666666667,0,33.3333333333333,0,0,0,0,100,66.6666666666667,0,33.3333333333333
"E00167090",14,1,3,10,2,0,1,1,12,1,2,9,7.14285714285714,21.4285714285714,71.4285714285714,14.2857142857143,0,7.14285714285714,7.14285714285714,85.7142857142857,7.14285714285714,14.2857142857143,64.2857142857143
"E00167091",16,3,2,11,0,0,0,0,16,3,2,11,18.75,12.5,68.75,0,0,0,0,100,18.75,12.5,68.75
"E00167092",13,4,2,7,0,0,0,0,13,4,2,7,30.7692307692308,15.3846153846154,53.8461538461538,0,0,0,0,100,30.7692307692308,15.3846153846154,53.8461538461538
"E00167093",8,2,0,6,0,0,0,0,8,2,0,6,25,0,75,0,0,0,0,100,25,0,75
"E00167094",3,1,1,1,1,0,1,0,2,1,0,1,33.3333333333333,33.3333333333333,33.3333333333333,33.3333333333333,0,33.3333333333333,0,66.6666666666667,33.3333333333333,0,33.3333333333333
"E00167095",3,1,0,2,1,0,0,1,2,1,0,1,33.3333333333333,0,66.6666666666667,33.3333333333333,0,0,33.3333333333333,66.6666666666667,33.3333333333333,0,33.3333333333333
"E00167096",0,0,0,0,0,0,0,0,0,0,0,0,0,0,0,0,0,0,0,0,0,0,0
"E00167097",10,1,1,8,0,0,0,0,10,1,1,8,10,10,80,0,0,0,0,100,10,10,80
"E00167098",1,0,0,1,0,0,0,0,1,0,0,1,0,0,100,0,0,0,0,100,0,0,100
"E00167099",0,0,0,0,0,0,0,0,0,0,0,0,0,0,0,0,0,0,0,0,0,0,0
"E00167100",0,0,0,0,0,0,0,0,0,0,0,0,0,0,0,0,0,0,0,0,0,0,0
"E00167101",0,0,0,0,0,0,0,0,0,0,0,0,0,0,0,0,0,0,0,0,0,0,0
"E00167102",12,1,1,10,3,0,0,3,9,1,1,7,8.33333333333333,8.33333333333333,83.3333333333333,25,0,0,25,75,8.33333333333333,8.33333333333333,58.3333333333333
"E00167103",0,0,0,0,0,0,0,0,0,0,0,0,0,0,0,0,0,0,0,0,0,0,0
"E00167104",0,0,0,0,0,0,0,0,0,0,0,0,0,0,0,0,0,0,0,0,0,0,0
"E00167105",14,2,4,8,0,0,0,0,14,2,4,8,14.2857142857143,28.5714285714286,57.1428571428571,0,0,0,0,100,14.2857142857143,28.5714285714286,57.1428571428571
"E00167106",2,0,2,0,0,0,0,0,2,0,2,0,0,100,0,0,0,0,0,100,0,100,0
"E00167107",10,3,1,6,0,0,0,0,10,3,1,6,30,10,60,0,0,0,0,100,30,10,60
"E00167108",20,3,7,10,0,0,0,0,20,3,7,10,15,35,50,0,0,0,0,100,15,35,50
"E00167109",7,2,3,2,0,0,0,0,7,2,3,2,28.5714285714286,42.8571428571429,28.5714285714286,0,0,0,0,100,28.5714285714286,42.8571428571429,28.5714285714286
"E00167110",4,2,0,2,0,0,0,0,4,2,0,2,50,0,50,0,0,0,0,100,50,0,50
"E00167111",5,2,2,1,0,0,0,0,5,2,2,1,40,40,20,0,0,0,0,100,40,40,20
"E00167112",22,4,3,15,1,0,1,0,21,4,2,15,18.1818181818182,13.6363636363636,68.1818181818182,4.54545454545455,0,4.54545454545455,0,95.4545454545455,18.1818181818182,9.09090909090909,68.1818181818182
"E00167113",20,1,2,17,1,0,0,1,19,1,2,16,5,10,85,5,0,0,5,95,5,10,80
"E00167114",14,4,2,8,1,0,0,1,13,4,2,7,28.5714285714286,14.2857142857143,57.1428571428571,7.14285714285714,0,0,7.14285714285714,92.8571428571429,28.5714285714286,14.2857142857143,50
"E00167115",23,5,2,16,3,1,0,2,20,4,2,14,21.7391304347826,8.69565217391304,69.5652173913043,13.0434782608696,4.34782608695652,0,8.69565217391304,86.9565217391304,17.3913043478261,8.69565217391304,60.8695652173913
"E00167116",22,8,1,13,2,2,0,0,20,6,1,13,36.3636363636364,4.54545454545455,59.0909090909091,9.09090909090909,9.09090909090909,0,0,90.9090909090909,27.2727272727273,4.54545454545455,59.0909090909091
"E00167117",0,0,0,0,0,0,0,0,0,0,0,0,0,0,0,0,0,0,0,0,0,0,0
"E00167118",1,0,0,1,0,0,0,0,1,0,0,1,0,0,100,0,0,0,0,100,0,0,100
"E00167119",10,0,1,9,3,0,1,2,7,0,0,7,0,10,90,30,0,10,20,70,0,0,70
"E00167120",10,1,3,6,1,0,0,1,9,1,3,5,10,30,60,10,0,0,10,90,10,30,50
"E00167121",5,0,2,3,1,0,1,0,4,0,1,3,0,40,60,20,0,20,0,80,0,20,60
"E00167122",3,0,0,3,0,0,0,0,3,0,0,3,0,0,100,0,0,0,0,100,0,0,100
"E00167123",21,7,5,9,0,0,0,0,21,7,5,9,33.3333333333333,23.8095238095238,42.8571428571429,0,0,0,0,100,33.3333333333333,23.8095238095238,42.8571428571429
"E00167124",6,2,1,3,0,0,0,0,6,2,1,3,33.3333333333333,16.6666666666667,50,0,0,0,0,100,33.3333333333333,16.6666666666667,50
"E00167125",5,0,2,3,0,0,0,0,5,0,2,3,0,40,60,0,0,0,0,100,0,40,60
"E00167126",6,1,2,3,0,0,0,0,6,1,2,3,16.6666666666667,33.3333333333333,50,0,0,0,0,100,16.6666666666667,33.3333333333333,50
"E00167127",2,0,0,2,0,0,0,0,2,0,0,2,0,0,100,0,0,0,0,100,0,0,100
"E00167128",19,3,3,13,0,0,0,0,19,3,3,13,15.7894736842105,15.7894736842105,68.4210526315789,0,0,0,0,100,15.7894736842105,15.7894736842105,68.4210526315789
"E00167129",29,5,6,18,0,0,0,0,29,5,6,18,17.2413793103448,20.6896551724138,62.0689655172414,0,0,0,0,100,17.2413793103448,20.6896551724138,62.0689655172414
"E00167130",42,8,7,27,1,0,1,0,41,8,6,27,19.047619047619,16.6666666666667,64.2857142857143,2.38095238095238,0,2.38095238095238,0,97.6190476190476,19.047619047619,14.2857142857143,64.2857142857143
"E00167131",2,1,0,1,0,0,0,0,2,1,0,1,50,0,50,0,0,0,0,100,50,0,50
"E00167132",1,0,1,0,0,0,0,0,1,0,1,0,0,100,0,0,0,0,0,100,0,100,0
"E00167133",2,2,0,0,0,0,0,0,2,2,0,0,100,0,0,0,0,0,0,100,100,0,0
"E00167134",0,0,0,0,0,0,0,0,0,0,0,0,0,0,0,0,0,0,0,0,0,0,0
"E00167135",1,0,1,0,0,0,0,0,1,0,1,0,0,100,0,0,0,0,0,100,0,100,0
"E00167136",1,0,0,1,0,0,0,0,1,0,0,1,0,0,100,0,0,0,0,100,0,0,100
"E00167137",1,0,1,0,0,0,0,0,1,0,1,0,0,100,0,0,0,0,0,100,0,100,0
"E00167138",11,2,2,7,0,0,0,0,11,2,2,7,18.1818181818182,18.1818181818182,63.6363636363636,0,0,0,0,100,18.1818181818182,18.1818181818182,63.6363636363636
"E00167139",6,1,1,4,0,0,0,0,6,1,1,4,16.6666666666667,16.6666666666667,66.6666666666667,0,0,0,0,100,16.6666666666667,16.6666666666667,66.6666666666667
"E00167140",14,7,0,7,0,0,0,0,14,7,0,7,50,0,50,0,0,0,0,100,50,0,50
"E00167141",2,0,0,2,1,0,0,1,1,0,0,1,0,0,100,50,0,0,50,50,0,0,50
"E00167142",4,1,1,2,0,0,0,0,4,1,1,2,25,25,50,0,0,0,0,100,25,25,50
"E00167143",14,5,0,9,1,0,0,1,13,5,0,8,35.7142857142857,0,64.2857142857143,7.14285714285714,0,0,7.14285714285714,92.8571428571429,35.7142857142857,0,57.1428571428571
"E00167144",19,6,1,12,2,1,0,1,17,5,1,11,31.5789473684211,5.26315789473684,63.1578947368421,10.5263157894737,5.26315789473684,0,5.26315789473684,89.4736842105263,26.3157894736842,5.26315789473684,57.8947368421053
"E00167145",1,1,0,0,0,0,0,0,1,1,0,0,100,0,0,0,0,0,0,100,100,0,0
"E00167146",1,0,0,1,0,0,0,0,1,0,0,1,0,0,100,0,0,0,0,100,0,0,100
"E00167147",36,15,2,19,1,0,0,1,35,15,2,18,41.6666666666667,5.55555555555556,52.7777777777778,2.77777777777778,0,0,2.77777777777778,97.2222222222222,41.6666666666667,5.55555555555556,50
"E00167148",0,0,0,0,0,0,0,0,0,0,0,0,0,0,0,0,0,0,0,0,0,0,0
"E00167149",11,3,0,8,0,0,0,0,11,3,0,8,27.2727272727273,0,72.7272727272727,0,0,0,0,100,27.2727272727273,0,72.7272727272727
"E00167150",3,0,1,2,0,0,0,0,3,0,1,2,0,33.3333333333333,66.6666666666667,0,0,0,0,100,0,33.3333333333333,66.6666666666667
"E00167151",2,2,0,0,0,0,0,0,2,2,0,0,100,0,0,0,0,0,0,100,100,0,0
"E00167152",2,0,1,1,0,0,0,0,2,0,1,1,0,50,50,0,0,0,0,100,0,50,50
"E00167153",25,8,0,17,0,0,0,0,25,8,0,17,32,0,68,0,0,0,0,100,32,0,68
"E00167154",0,0,0,0,0,0,0,0,0,0,0,0,0,0,0,0,0,0,0,0,0,0,0
"E00167155",8,0,3,5,0,0,0,0,8,0,3,5,0,37.5,62.5,0,0,0,0,100,0,37.5,62.5
"E00167156",8,1,2,5,2,0,1,1,6,1,1,4,12.5,25,62.5,25,0,12.5,12.5,75,12.5,12.5,50
"E00167157",0,0,0,0,0,0,0,0,0,0,0,0,0,0,0,0,0,0,0,0,0,0,0
"E00167158",1,0,1,0,1,0,1,0,0,0,0,0,0,100,0,100,0,100,0,0,0,0,0
"E00167159",0,0,0,0,0,0,0,0,0,0,0,0,0,0,0,0,0,0,0,0,0,0,0
"E00167160",20,6,1,13,0,0,0,0,20,6,1,13,30,5,65,0,0,0,0,100,30,5,65
"E00167161",14,2,4,8,1,0,1,0,13,2,3,8,14.2857142857143,28.5714285714286,57.1428571428571,7.14285714285714,0,7.14285714285714,0,92.8571428571429,14.2857142857143,21.4285714285714,57.1428571428571
"E00167162",7,1,2,4,3,1,2,0,4,0,0,4,14.2857142857143,28.5714285714286,57.1428571428571,42.8571428571429,14.2857142857143,28.5714285714286,0,57.1428571428571,0,0,57.1428571428571
"E00167163",0,0,0,0,0,0,0,0,0,0,0,0,0,0,0,0,0,0,0,0,0,0,0
"E00167164",7,2,2,3,0,0,0,0,7,2,2,3,28.5714285714286,28.5714285714286,42.8571428571429,0,0,0,0,100,28.5714285714286,28.5714285714286,42.8571428571429
"E00167165",0,0,0,0,0,0,0,0,0,0,0,0,0,0,0,0,0,0,0,0,0,0,0
"E00167166",4,1,1,2,0,0,0,0,4,1,1,2,25,25,50,0,0,0,0,100,25,25,50
"E00167167",1,0,1,0,0,0,0,0,1,0,1,0,0,100,0,0,0,0,0,100,0,100,0
"E00167168",8,0,3,5,0,0,0,0,8,0,3,5,0,37.5,62.5,0,0,0,0,100,0,37.5,62.5
"E00167169",8,1,2,5,0,0,0,0,8,1,2,5,12.5,25,62.5,0,0,0,0,100,12.5,25,62.5
"E00167170",0,0,0,0,0,0,0,0,0,0,0,0,0,0,0,0,0,0,0,0,0,0,0
"E00167171",4,1,0,3,0,0,0,0,4,1,0,3,25,0,75,0,0,0,0,100,25,0,75
"E00167172",2,1,1,0,0,0,0,0,2,1,1,0,50,50,0,0,0,0,0,100,50,50,0
"E00167173",7,0,1,6,0,0,0,0,7,0,1,6,0,14.2857142857143,85.7142857142857,0,0,0,0,100,0,14.2857142857143,85.7142857142857
"E00167174",1,1,0,0,0,0,0,0,1,1,0,0,100,0,0,0,0,0,0,100,100,0,0
"E00167175",1,1,0,0,0,0,0,0,1,1,0,0,100,0,0,0,0,0,0,100,100,0,0
"E00167176",7,1,1,5,1,0,0,1,6,1,1,4,14.2857142857143,14.2857142857143,71.4285714285714,14.2857142857143,0,0,14.2857142857143,85.7142857142857,14.2857142857143,14.2857142857143,57.1428571428571
"E00167177",1,0,0,1,0,0,0,0,1,0,0,1,0,0,100,0,0,0,0,100,0,0,100
"E00167178",6,2,2,2,2,1,0,1,4,1,2,1,33.3333333333333,33.3333333333333,33.3333333333333,33.3333333333333,16.6666666666667,0,16.6666666666667,66.6666666666667,16.6666666666667,33.3333333333333,16.6666666666667
"E00167179",4,2,0,2,0,0,0,0,4,2,0,2,50,0,50,0,0,0,0,100,50,0,50
"E00167180",17,4,3,10,0,0,0,0,17,4,3,10,23.5294117647059,17.6470588235294,58.8235294117647,0,0,0,0,100,23.5294117647059,17.6470588235294,58.8235294117647
"E00167181",0,0,0,0,0,0,0,0,0,0,0,0,0,0,0,0,0,0,0,0,0,0,0
"E00167182",13,3,0,10,0,0,0,0,13,3,0,10,23.0769230769231,0,76.9230769230769,0,0,0,0,100,23.0769230769231,0,76.9230769230769
"E00167183",0,0,0,0,0,0,0,0,0,0,0,0,0,0,0,0,0,0,0,0,0,0,0
"E00167184",7,1,1,5,1,0,1,0,6,1,0,5,14.2857142857143,14.2857142857143,71.4285714285714,14.2857142857143,0,14.2857142857143,0,85.7142857142857,14.2857142857143,0,71.4285714285714
"E00167185",14,9,1,4,0,0,0,0,14,9,1,4,64.2857142857143,7.14285714285714,28.5714285714286,0,0,0,0,100,64.2857142857143,7.14285714285714,28.5714285714286
"E00167186",1,0,1,0,0,0,0,0,1,0,1,0,0,100,0,0,0,0,0,100,0,100,0
"E00167187",12,3,3,6,2,0,2,0,10,3,1,6,25,25,50,16.6666666666667,0,16.6666666666667,0,83.3333333333333,25,8.33333333333333,50
"E00167188",4,2,0,2,1,0,0,1,3,2,0,1,50,0,50,25,0,0,25,75,50,0,25
"E00167189",8,2,2,4,0,0,0,0,8,2,2,4,25,25,50,0,0,0,0,100,25,25,50
"E00167190",3,1,0,2,0,0,0,0,3,1,0,2,33.3333333333333,0,66.6666666666667,0,0,0,0,100,33.3333333333333,0,66.6666666666667
"E00167191",1,0,1,0,0,0,0,0,1,0,1,0,0,100,0,0,0,0,0,100,0,100,0
"E00167192",5,2,0,3,0,0,0,0,5,2,0,3,40,0,60,0,0,0,0,100,40,0,60
"E00167193",13,3,1,9,0,0,0,0,13,3,1,9,23.0769230769231,7.69230769230769,69.2307692307692,0,0,0,0,100,23.0769230769231,7.69230769230769,69.2307692307692
"E00167194",20,3,3,14,2,0,2,0,18,3,1,14,15,15,70,10,0,10,0,90,15,5,70
"E00167195",4,3,0,1,2,1,0,1,2,2,0,0,75,0,25,50,25,0,25,50,50,0,0
"E00167196",11,3,4,4,1,0,1,0,10,3,3,4,27.2727272727273,36.3636363636364,36.3636363636364,9.09090909090909,0,9.09090909090909,0,90.9090909090909,27.2727272727273,27.2727272727273,36.3636363636364
"E00167197",11,5,1,5,0,0,0,0,11,5,1,5,45.4545454545455,9.09090909090909,45.4545454545455,0,0,0,0,100,45.4545454545455,9.09090909090909,45.4545454545455
"E00167198",20,5,3,12,2,2,0,0,18,3,3,12,25,15,60,10,10,0,0,90,15,15,60
"E00167199",1,0,0,1,0,0,0,0,1,0,0,1,0,0,100,0,0,0,0,100,0,0,100
"E00167200",7,0,2,5,1,0,1,0,6,0,1,5,0,28.5714285714286,71.4285714285714,14.2857142857143,0,14.2857142857143,0,85.7142857142857,0,14.2857142857143,71.4285714285714
"E00167201",22,7,4,11,0,0,0,0,22,7,4,11,31.8181818181818,18.1818181818182,50,0,0,0,0,100,31.8181818181818,18.1818181818182,50
"E00167202",7,2,1,4,1,0,0,1,6,2,1,3,28.5714285714286,14.2857142857143,57.1428571428571,14.2857142857143,0,0,14.2857142857143,85.7142857142857,28.5714285714286,14.2857142857143,42.8571428571429
"E00167203",6,1,0,5,0,0,0,0,6,1,0,5,16.6666666666667,0,83.3333333333333,0,0,0,0,100,16.6666666666667,0,83.3333333333333
"E00167204",1,0,0,1,0,0,0,0,1,0,0,1,0,0,100,0,0,0,0,100,0,0,100
"E00167205",18,3,1,14,0,0,0,0,18,3,1,14,16.6666666666667,5.55555555555556,77.7777777777778,0,0,0,0,100,16.6666666666667,5.55555555555556,77.7777777777778
"E00167206",13,5,0,8,0,0,0,0,13,5,0,8,38.4615384615385,0,61.5384615384615,0,0,0,0,100,38.4615384615385,0,61.5384615384615
"E00167207",13,3,2,8,2,1,0,1,11,2,2,7,23.0769230769231,15.3846153846154,61.5384615384615,15.3846153846154,7.69230769230769,0,7.69230769230769,84.6153846153846,15.3846153846154,15.3846153846154,53.8461538461538
"E00167208",1,0,0,1,0,0,0,0,1,0,0,1,0,0,100,0,0,0,0,100,0,0,100
"E00167209",18,2,3,13,1,0,1,0,17,2,2,13,11.1111111111111,16.6666666666667,72.2222222222222,5.55555555555556,0,5.55555555555556,0,94.4444444444444,11.1111111111111,11.1111111111111,72.2222222222222
"E00167210",1,0,0,1,0,0,0,0,1,0,0,1,0,0,100,0,0,0,0,100,0,0,100
"E00167211",13,6,1,6,2,1,0,1,11,5,1,5,46.1538461538462,7.69230769230769,46.1538461538462,15.3846153846154,7.69230769230769,0,7.69230769230769,84.6153846153846,38.4615384615385,7.69230769230769,38.4615384615385
"E00167212",13,5,1,7,0,0,0,0,13,5,1,7,38.4615384615385,7.69230769230769,53.8461538461538,0,0,0,0,100,38.4615384615385,7.69230769230769,53.8461538461538
"E00167213",8,1,0,7,0,0,0,0,8,1,0,7,12.5,0,87.5,0,0,0,0,100,12.5,0,87.5
"E00167214",24,6,5,13,0,0,0,0,24,6,5,13,25,20.8333333333333,54.1666666666667,0,0,0,0,100,25,20.8333333333333,54.1666666666667
"E00167215",3,0,1,2,0,0,0,0,3,0,1,2,0,33.3333333333333,66.6666666666667,0,0,0,0,100,0,33.3333333333333,66.6666666666667
"E00167216",20,4,0,16,1,0,0,1,19,4,0,15,20,0,80,5,0,0,5,95,20,0,75
"E00167217",5,1,0,4,0,0,0,0,5,1,0,4,20,0,80,0,0,0,0,100,20,0,80
"E00167218",10,2,0,8,0,0,0,0,10,2,0,8,20,0,80,0,0,0,0,100,20,0,80
"E00167219",17,1,1,15,0,0,0,0,17,1,1,15,5.88235294117647,5.88235294117647,88.2352941176471,0,0,0,0,100,5.88235294117647,5.88235294117647,88.2352941176471
"E00167220",1,1,0,0,0,0,0,0,1,1,0,0,100,0,0,0,0,0,0,100,100,0,0
"E00167221",18,3,4,11,0,0,0,0,18,3,4,11,16.6666666666667,22.2222222222222,61.1111111111111,0,0,0,0,100,16.6666666666667,22.2222222222222,61.1111111111111
"E00167222",9,1,1,7,0,0,0,0,9,1,1,7,11.1111111111111,11.1111111111111,77.7777777777778,0,0,0,0,100,11.1111111111111,11.1111111111111,77.7777777777778
"E00167223",21,7,2,12,1,0,1,0,20,7,1,12,33.3333333333333,9.52380952380952,57.1428571428571,4.76190476190476,0,4.76190476190476,0,95.2380952380952,33.3333333333333,4.76190476190476,57.1428571428571
"E00167224",23,1,8,14,0,0,0,0,23,1,8,14,4.34782608695652,34.7826086956522,60.8695652173913,0,0,0,0,100,4.34782608695652,34.7826086956522,60.8695652173913
"E00167225",20,7,4,9,2,0,2,0,18,7,2,9,35,20,45,10,0,10,0,90,35,10,45
"E00167226",2,0,2,0,0,0,0,0,2,0,2,0,0,100,0,0,0,0,0,100,0,100,0
"E00167227",9,3,0,6,1,1,0,0,8,2,0,6,33.3333333333333,0,66.6666666666667,11.1111111111111,11.1111111111111,0,0,88.8888888888889,22.2222222222222,0,66.6666666666667
"E00167228",18,6,4,8,2,1,1,0,16,5,3,8,33.3333333333333,22.2222222222222,44.4444444444444,11.1111111111111,5.55555555555556,5.55555555555556,0,88.8888888888889,27.7777777777778,16.6666666666667,44.4444444444444
"E00167229",17,5,2,10,1,0,1,0,16,5,1,10,29.4117647058824,11.7647058823529,58.8235294117647,5.88235294117647,0,5.88235294117647,0,94.1176470588235,29.4117647058824,5.88235294117647,58.8235294117647
"E00167230",3,2,0,1,0,0,0,0,3,2,0,1,66.6666666666667,0,33.3333333333333,0,0,0,0,100,66.6666666666667,0,33.3333333333333
"E00167231",9,0,4,5,1,0,1,0,8,0,3,5,0,44.4444444444444,55.5555555555556,11.1111111111111,0,11.1111111111111,0,88.8888888888889,0,33.3333333333333,55.5555555555556
"E00167232",5,1,0,4,0,0,0,0,5,1,0,4,20,0,80,0,0,0,0,100,20,0,80
"E00167233",7,3,1,3,0,0,0,0,7,3,1,3,42.8571428571429,14.2857142857143,42.8571428571429,0,0,0,0,100,42.8571428571429,14.2857142857143,42.8571428571429
"E00167234",17,5,0,12,1,0,0,1,16,5,0,11,29.4117647058824,0,70.5882352941177,5.88235294117647,0,0,5.88235294117647,94.1176470588235,29.4117647058824,0,64.7058823529412
"E00167235",11,0,4,7,1,0,1,0,10,0,3,7,0,36.3636363636364,63.6363636363636,9.09090909090909,0,9.09090909090909,0,90.9090909090909,0,27.2727272727273,63.6363636363636
"E00167236",0,0,0,0,0,0,0,0,0,0,0,0,0,0,0,0,0,0,0,0,0,0,0
"E00167237",1,1,0,0,0,0,0,0,1,1,0,0,100,0,0,0,0,0,0,100,100,0,0
"E00167238",16,3,2,11,1,0,0,1,15,3,2,10,18.75,12.5,68.75,6.25,0,0,6.25,93.75,18.75,12.5,62.5
"E00167239",14,0,1,13,0,0,0,0,14,0,1,13,0,7.14285714285714,92.8571428571429,0,0,0,0,100,0,7.14285714285714,92.8571428571429
"E00167240",17,5,2,10,2,1,0,1,15,4,2,9,29.4117647058824,11.7647058823529,58.8235294117647,11.7647058823529,5.88235294117647,0,5.88235294117647,88.2352941176471,23.5294117647059,11.7647058823529,52.9411764705882
"E00167241",11,2,4,5,0,0,0,0,11,2,4,5,18.1818181818182,36.3636363636364,45.4545454545455,0,0,0,0,100,18.1818181818182,36.3636363636364,45.4545454545455
"E00167242",7,1,3,3,2,0,1,1,5,1,2,2,14.2857142857143,42.8571428571429,42.8571428571429,28.5714285714286,0,14.2857142857143,14.2857142857143,71.4285714285714,14.2857142857143,28.5714285714286,28.5714285714286
"E00167243",4,0,1,3,0,0,0,0,4,0,1,3,0,25,75,0,0,0,0,100,0,25,75
"E00167244",3,1,0,2,0,0,0,0,3,1,0,2,33.3333333333333,0,66.6666666666667,0,0,0,0,100,33.3333333333333,0,66.6666666666667
"E00167245",9,2,0,7,1,0,0,1,8,2,0,6,22.2222222222222,0,77.7777777777778,11.1111111111111,0,0,11.1111111111111,88.8888888888889,22.2222222222222,0,66.6666666666667
"E00167246",10,2,1,7,0,0,0,0,10,2,1,7,20,10,70,0,0,0,0,100,20,10,70
"E00167247",6,2,1,3,1,0,0,1,5,2,1,2,33.3333333333333,16.6666666666667,50,16.6666666666667,0,0,16.6666666666667,83.3333333333333,33.3333333333333,16.6666666666667,33.3333333333333
"E00167248",9,6,0,3,5,5,0,0,4,1,0,3,66.6666666666667,0,33.3333333333333,55.5555555555556,55.5555555555556,0,0,44.4444444444444,11.1111111111111,0,33.3333333333333
"E00167249",0,0,0,0,0,0,0,0,0,0,0,0,0,0,0,0,0,0,0,0,0,0,0
"E00167250",15,6,1,8,1,0,0,1,14,6,1,7,40,6.66666666666667,53.3333333333333,6.66666666666667,0,0,6.66666666666667,93.3333333333333,40,6.66666666666667,46.6666666666667
"E00167251",1,1,0,0,0,0,0,0,1,1,0,0,100,0,0,0,0,0,0,100,100,0,0
"E00167252",12,2,2,8,0,0,0,0,12,2,2,8,16.6666666666667,16.6666666666667,66.6666666666667,0,0,0,0,100,16.6666666666667,16.6666666666667,66.6666666666667
"E00167253",15,3,3,9,1,0,0,1,14,3,3,8,20,20,60,6.66666666666667,0,0,6.66666666666667,93.3333333333333,20,20,53.3333333333333
"E00167254",3,0,0,3,0,0,0,0,3,0,0,3,0,0,100,0,0,0,0,100,0,0,100
"E00167255",11,2,0,9,1,0,0,1,10,2,0,8,18.1818181818182,0,81.8181818181818,9.09090909090909,0,0,9.09090909090909,90.9090909090909,18.1818181818182,0,72.7272727272727
"E00167256",4,0,2,2,0,0,0,0,4,0,2,2,0,50,50,0,0,0,0,100,0,50,50
"E00167257",4,3,0,1,1,0,0,1,3,3,0,0,75,0,25,25,0,0,25,75,75,0,0
"E00167258",5,1,1,3,0,0,0,0,5,1,1,3,20,20,60,0,0,0,0,100,20,20,60
"E00167259",6,1,2,3,1,1,0,0,5,0,2,3,16.6666666666667,33.3333333333333,50,16.6666666666667,16.6666666666667,0,0,83.3333333333333,0,33.3333333333333,50
"E00167260",16,5,2,9,1,1,0,0,15,4,2,9,31.25,12.5,56.25,6.25,6.25,0,0,93.75,25,12.5,56.25
"E00167261",10,3,2,5,0,0,0,0,10,3,2,5,30,20,50,0,0,0,0,100,30,20,50
"E00167262",1,1,0,0,0,0,0,0,1,1,0,0,100,0,0,0,0,0,0,100,100,0,0
"E00167263",0,0,0,0,0,0,0,0,0,0,0,0,0,0,0,0,0,0,0,0,0,0,0
"E00167264",4,0,1,3,0,0,0,0,4,0,1,3,0,25,75,0,0,0,0,100,0,25,75
"E00167265",7,1,0,6,1,0,0,1,6,1,0,5,14.2857142857143,0,85.7142857142857,14.2857142857143,0,0,14.2857142857143,85.7142857142857,14.2857142857143,0,71.4285714285714
"E00167266",5,3,0,2,0,0,0,0,5,3,0,2,60,0,40,0,0,0,0,100,60,0,40
