"GeographyCode","KS401EW0001","KS401EW0002","KS401EW0003","KS401EW0004","KS401EW0005","KS401EW0006","KS401EW0007","KS401EW0008","KS401EW0009","KS401EW0010","KS401EW0011","KS401EW0012","KS401EW0013","KS401EW0014","KS401EW0015","KS401EW0016","KS401EW0017","KS401EW0018","KS401EW0019","KS401EW0020","KS401EW0021","KS401EW0022","KS401EW0023","KS401EW0024","KS401EW0025","KS401EW0026"
"E01004197",980,980,0,0,980,964,16,3,28,78,715,122,34,0,100,0,0,98.3673469387755,1.63265306122449,0.306122448979592,2.85714285714286,7.95918367346939,72.9591836734694,12.4489795918367,3.46938775510204,0
"E01004198",609,607,0,2,614,606,8,7,14,56,510,16,11,0,99.671592775041,0,0.328407224958949,98.6970684039088,1.30293159609121,1.1400651465798,2.28013029315961,9.12052117263844,83.0618892508143,2.60586319218241,1.79153094462541,0
"E01004199",572,568,2,2,578,574,4,3,1,15,545,9,5,0,99.3006993006993,0.34965034965035,0.34965034965035,99.3079584775086,0.69204152249135,0.519031141868512,0.173010380622837,2.59515570934256,94.2906574394464,1.55709342560554,0.865051903114187,0
"E01004200",588,586,0,2,592,585,7,5,13,82,378,86,28,0,99.6598639455782,0,0.340136054421769,98.8175675675676,1.18243243243243,0.844594594594595,2.19594594594595,13.8513513513514,63.8513513513513,14.527027027027,4.72972972972973,0
"E01004201",624,623,0,1,627,619,8,12,12,113,399,88,3,0,99.8397435897436,0,0.16025641025641,98.7240829346092,1.27591706539075,1.91387559808612,1.91387559808612,18.0223285486443,63.6363636363636,14.0350877192982,0.478468899521531,0
"E01004202",709,706,0,3,722,713,9,5,12,19,623,51,12,0,99.5768688293371,0,0.423131170662906,98.7534626038781,1.24653739612188,0.692520775623269,1.66204986149584,2.63157894736842,86.2880886426593,7.06371191135734,1.66204986149584,0
"E01004203",688,686,0,2,703,689,14,5,8,32,587,30,41,0,99.7093023255814,0,0.290697674418605,98.0085348506401,1.99146514935989,0.711237553342816,1.13798008534851,4.55192034139403,83.4992887624467,4.2674253200569,5.8321479374111,0
"E01004204",634,634,0,0,634,631,3,9,12,20,573,19,1,0,100,0,0,99.5268138801262,0.473186119873817,1.41955835962145,1.89274447949527,3.15457413249211,90.3785488958991,2.99684542586751,0.157728706624606,0
"E01004205",696,692,1,3,706,688,18,11,25,55,599,13,3,0,99.4252873563218,0.14367816091954,0.431034482758621,97.4504249291785,2.54957507082153,1.55807365439093,3.54107648725212,7.79036827195467,84.8441926345609,1.8413597733711,0.424929178470255,0
"E01004206",573,570,0,3,581,554,27,3,4,24,533,14,3,0,99.4764397905759,0,0.523560209424084,95.3528399311532,4.64716006884682,0.516351118760757,0.688468158347676,4.13080895008606,91.7383820998279,2.40963855421687,0.516351118760757,0
"E01004207",518,515,0,3,528,515,13,13,13,80,333,86,3,0,99.4208494208494,0,0.579150579150579,97.5378787878788,2.46212121212121,2.46212121212121,2.46212121212121,15.1515151515152,63.0681818181818,16.2878787878788,0.568181818181818,0
"E01004208",802,799,1,2,809,788,21,7,9,91,605,64,33,0,99.6259351620948,0.124688279301746,0.249376558603491,97.4042027194067,2.59579728059333,0.865265760197775,1.11248454882571,11.2484548825711,74.7836835599506,7.91100123609394,4.07911001236094,0
"E01004209",474,473,0,1,476,466,10,1,3,4,452,10,6,0,99.789029535865,0,0.210970464135021,97.8991596638655,2.10084033613445,0.210084033613445,0.630252100840336,0.840336134453782,94.9579831932773,2.10084033613445,1.26050420168067,0
"E01004211",717,714,1,2,737,720,17,7,19,72,502,74,62,1,99.581589958159,0.139470013947001,0.278940027894003,97.6933514246947,2.30664857530529,0.949796472184532,2.57801899592944,9.76933514246947,68.1139755766621,10.0407055630936,8.41248303934871,0.135685210312076
"E01004212",759,753,0,6,776,720,56,6,13,36,672,42,6,1,99.2094861660079,0,0.790513833992095,92.7835051546392,7.21649484536082,0.77319587628866,1.67525773195876,4.63917525773196,86.5979381443299,5.41237113402062,0.77319587628866,0.128865979381443
"E01004214",679,678,1,0,680,665,15,2,4,12,656,3,3,0,99.8527245949926,0.147275405007364,0,97.7941176470588,2.20588235294118,0.294117647058824,0.588235294117647,1.76470588235294,96.4705882352941,0.441176470588235,0.441176470588235,0
"E01004215",1465,1460,3,2,1472,1168,304,13,36,106,1299,11,5,2,99.6587030716723,0.204778156996587,0.136518771331058,79.3478260869565,20.6521739130435,0.883152173913043,2.44565217391304,7.20108695652174,88.2472826086957,0.747282608695652,0.339673913043478,0.135869565217391
"E01004216",759,758,0,1,761,737,24,1,6,60,680,14,0,0,99.8682476943347,0,0.131752305665349,96.8462549277267,3.15374507227332,0.131406044678055,0.788436268068331,7.88436268068331,89.3561103810775,1.83968462549277,0,0
"E01004217",823,823,0,0,823,779,44,7,109,130,563,10,3,1,100,0,0,94.6537059538275,5.34629404617254,0.850546780072904,13.2442284325638,15.7958687727825,68.408262454435,1.21506682867558,0.364520048602673,0.121506682867558
"E01004218",768,768,0,0,768,731,37,19,68,207,462,11,1,0,100,0,0,95.1822916666667,4.81770833333333,2.47395833333333,8.85416666666667,26.953125,60.15625,1.43229166666667,0.130208333333333,0
"E01004219",882,880,1,1,887,851,36,12,4,39,795,29,8,0,99.7732426303855,0.113378684807256,0.113378684807256,95.9413754227734,4.05862457722661,1.35287485907554,0.450958286358512,4.39684329199549,89.6279594137542,3.26944757609921,0.901916572717024,0
"E01004221",825,825,0,0,825,802,23,8,34,100,669,12,2,0,100,0,0,97.2121212121212,2.78787878787879,0.96969696969697,4.12121212121212,12.1212121212121,81.0909090909091,1.45454545454545,0.242424242424242,0
"E01004222",1065,1064,0,1,1067,1048,19,27,48,183,763,20,26,0,99.906103286385,0,0.0938967136150235,98.2193064667292,1.78069353327085,2.53045923149016,4.49859418931584,17.1508903467666,71.5089034676664,1.87441424554827,2.43673851921275,0
"E01004223",949,949,0,0,949,938,11,27,33,190,633,62,4,0,100,0,0,98.840885142255,1.15911485774499,2.84510010537408,3.47734457323498,20.0210748155954,66.7017913593256,6.5331928345627,0.421496311907271,0
"E01004224",829,829,0,0,829,806,23,12,20,96,658,21,22,0,100,0,0,97.2255729794934,2.77442702050663,1.4475271411339,2.41254523522316,11.5802171290712,79.372738238842,2.53317249698432,2.65379975874548,0
"E01004225",1185,1183,0,2,1194,1147,47,4,19,152,880,121,18,0,99.831223628692,0,0.168776371308017,96.0636515912898,3.93634840871022,0.33500837520938,1.59128978224456,12.7303182579564,73.7018425460637,10.1340033500838,1.50753768844221,0
"E01004226",682,679,3,0,685,676,9,15,19,93,505,25,28,0,99.5601173020528,0.439882697947214,0,98.6861313868613,1.31386861313869,2.18978102189781,2.77372262773723,13.5766423357664,73.7226277372263,3.64963503649635,4.08759124087591,0
"E01004228",784,784,0,0,784,769,15,20,36,360,238,109,21,0,100,0,0,98.0867346938776,1.91326530612245,2.55102040816327,4.59183673469388,45.9183673469388,30.3571428571429,13.9030612244898,2.67857142857143,0
"E01004229",561,559,0,2,567,551,16,6,24,125,362,46,4,0,99.6434937611408,0,0.35650623885918,97.1781305114638,2.82186948853616,1.05820105820106,4.23280423280423,22.0458553791887,63.8447971781305,8.11287477954145,0.705467372134039,0
"E01004230",809,807,1,1,812,803,9,10,30,179,481,95,17,0,99.7527812113721,0.123609394313968,0.123609394313968,98.8916256157635,1.10837438423645,1.23152709359606,3.69458128078818,22.0443349753695,59.2364532019704,11.6995073891626,2.0935960591133,0
"E01004231",642,638,2,2,649,629,20,2,7,44,570,26,0,0,99.3769470404984,0.311526479750779,0.311526479750779,96.9183359013868,3.08166409861325,0.308166409861325,1.07858243451464,6.77966101694915,87.8274268104777,4.00616332819723,0,0
"E01004232",622,619,1,2,628,603,25,9,33,325,121,122,18,0,99.5176848874598,0.160771704180064,0.321543408360129,96.0191082802548,3.98089171974522,1.43312101910828,5.25477707006369,51.7515923566879,19.2675159235669,19.4267515923567,2.86624203821656,0
"E01004233",764,763,0,1,766,751,15,2,10,17,722,12,3,0,99.869109947644,0,0.130890052356021,98.0417754569191,1.95822454308094,0.261096605744125,1.30548302872063,2.21932114882507,94.2558746736293,1.56657963446475,0.391644908616188,0
"E01004234",921,921,0,0,921,903,18,13,24,343,260,233,41,7,100,0,0,98.0456026058632,1.95439739413681,1.41150922909881,2.60586319218241,37.2421281216069,28.2301845819761,25.2985884907709,4.45168295331162,0.760043431053203
"E01004235",519,517,2,0,521,513,8,1,1,8,504,4,3,0,99.6146435452794,0.385356454720617,0,98.4644913627639,1.53550863723608,0.191938579654511,0.191938579654511,1.53550863723608,96.7370441458733,0.767754318618042,0.575815738963532,0
"E01004236",497,495,1,1,500,497,3,14,46,86,342,12,0,0,99.5975855130785,0.201207243460765,0.201207243460765,99.4,0.6,2.8,9.2,17.2,68.4,2.4,0,0
"E01004237",538,538,0,0,538,506,32,6,8,27,485,6,6,0,100,0,0,94.0520446096654,5.94795539033457,1.11524163568773,1.48698884758364,5.0185873605948,90.1486988847584,1.11524163568773,1.11524163568773,0
"E01004238",1071,1066,3,2,1079,1058,21,1,5,21,1041,8,3,0,99.5331465919701,0.280112044817927,0.186741363211951,98.0537534754402,1.94624652455978,0.092678405931418,0.46339202965709,1.94624652455978,96.4782205746061,0.741427247451344,0.278035217794254,0
"E01004239",535,535,0,0,535,533,2,19,35,119,353,2,6,1,100,0,0,99.6261682242991,0.373831775700935,3.55140186915888,6.54205607476635,22.2429906542056,65.981308411215,0.373831775700935,1.1214953271028,0.186915887850467
"E01004240",578,577,1,0,579,574,5,3,21,58,484,11,1,1,99.8269896193772,0.173010380622837,0,99.1364421416235,0.863557858376511,0.518134715025907,3.62694300518135,10.0172711571675,83.5924006908463,1.89982728842832,0.172711571675302,0.172711571675302
"E01004241",576,575,1,0,577,570,7,3,11,50,499,11,1,2,99.8263888888889,0.173611111111111,0,98.786828422877,1.21317157712305,0.519930675909879,1.90641247833622,8.66551126516464,86.4818024263432,1.90641247833622,0.173310225303293,0.346620450606586
"E01004242",918,914,1,3,928,898,30,9,21,41,821,22,10,4,99.5642701525055,0.108932461873638,0.326797385620915,96.7672413793103,3.23275862068966,0.969827586206897,2.26293103448276,4.41810344827586,88.4698275862069,2.37068965517241,1.07758620689655,0.431034482758621
"E01004243",624,622,1,1,627,614,13,11,21,76,499,6,14,0,99.6794871794872,0.16025641025641,0.16025641025641,97.92663476874,2.07336523125997,1.75438596491228,3.34928229665072,12.1212121212121,79.585326953748,0.956937799043062,2.23285486443381,0
"E01004244",683,681,1,1,689,686,3,9,22,77,549,18,13,1,99.7071742313324,0.146412884333821,0.146412884333821,99.5645863570392,0.435413642960813,1.30624092888244,3.19303338171263,11.1756168359942,79.6806966618287,2.61248185776488,1.88679245283019,0.145137880986938
"E01004245",501,501,0,0,501,433,68,14,21,95,356,13,2,0,100,0,0,86.4271457085828,13.5728542914172,2.79441117764471,4.19161676646707,18.9620758483034,71.0578842315369,2.59481037924152,0.399201596806387,0
"E01004246",767,766,0,1,769,747,22,25,33,166,470,55,20,0,99.8696219035202,0,0.130378096479791,97.1391417425228,2.86085825747724,3.25097529258778,4.29128738621587,21.5864759427828,61.1183355006502,7.15214564369311,2.60078023407022,0
"E01004247",738,736,1,1,741,714,27,21,13,37,617,23,30,0,99.7289972899729,0.13550135501355,0.13550135501355,96.3562753036437,3.64372469635628,2.83400809716599,1.75438596491228,4.99325236167341,83.2658569500675,3.10391363022942,4.04858299595142,0
"E01004248",443,442,1,0,444,441,3,11,14,20,389,6,4,0,99.7742663656885,0.225733634311512,0,99.3243243243243,0.675675675675676,2.47747747747748,3.15315315315315,4.5045045045045,87.6126126126126,1.35135135135135,0.900900900900901,0
"E01004249",773,773,0,0,773,758,15,21,18,93,605,34,2,0,100,0,0,98.0595084087969,1.9404915912031,2.71668822768435,2.32858990944373,12.0310478654593,78.2664941785252,4.39844760672704,0.258732212160414,0
"E01004250",872,869,1,2,878,866,12,10,21,55,784,5,2,1,99.6559633027523,0.114678899082569,0.229357798165138,98.6332574031891,1.36674259681093,1.13895216400911,2.39179954441913,6.26423690205011,89.2938496583143,0.569476082004556,0.227790432801822,0.113895216400911
"E01004251",789,787,1,1,792,779,13,6,5,55,696,28,2,0,99.7465145754119,0.126742712294043,0.126742712294043,98.3585858585859,1.64141414141414,0.757575757575758,0.631313131313131,6.94444444444444,87.8787878787879,3.53535353535354,0.252525252525253,0
"E01004252",1101,1096,1,4,1130,1107,23,9,8,28,986,83,11,5,99.5458673932788,0.0908265213442325,0.36330608537693,97.9646017699115,2.0353982300885,0.79646017699115,0.707964601769911,2.47787610619469,87.2566371681416,7.34513274336283,0.973451327433628,0.442477876106195
"E01004253",834,830,2,2,841,829,12,14,28,56,730,12,1,0,99.5203836930456,0.239808153477218,0.239808153477218,98.5731272294887,1.4268727705113,1.66468489892985,3.32936979785969,6.65873959571938,86.8014268727705,1.4268727705113,0.118906064209275,0
"E01004254",1181,1180,0,1,1184,1046,138,3,13,62,1060,27,19,0,99.9153259949196,0,0.0846740050804403,88.3445945945946,11.6554054054054,0.253378378378378,1.09797297297297,5.23648648648649,89.527027027027,2.28040540540541,1.60472972972973,0
"E01004255",659,657,1,1,662,647,15,8,15,24,582,15,18,0,99.6965098634294,0.151745068285281,0.151745068285281,97.7341389728097,2.26586102719033,1.20845921450151,2.26586102719033,3.62537764350453,87.9154078549849,2.26586102719033,2.7190332326284,0
"E01004256",615,612,2,1,619,611,8,13,31,83,485,6,1,0,99.5121951219512,0.32520325203252,0.16260162601626,98.7075928917609,1.2924071082391,2.10016155088853,5.00807754442649,13.4087237479806,78.3521809369952,0.969305331179321,0.161550888529887,0
"E01004257",621,618,1,2,628,618,10,11,11,56,524,23,3,0,99.5169082125604,0.161030595813205,0.322061191626409,98.4076433121019,1.59235668789809,1.7515923566879,1.7515923566879,8.9171974522293,83.4394904458599,3.6624203821656,0.477707006369427,0
"E01004258",742,741,1,0,743,713,30,2,4,50,669,15,3,0,99.8652291105121,0.134770889487871,0,95.9623149394347,4.03768506056528,0.269179004037685,0.53835800807537,6.72947510094213,90.0403768506057,2.01884253028264,0.403768506056528,0
"E01004259",820,817,3,0,823,812,11,6,9,31,729,29,19,0,99.6341463414634,0.365853658536585,0,98.6634264884569,1.33657351154313,0.729040097205346,1.09356014580802,3.76670716889429,88.5783718104496,3.52369380315917,2.3086269744836,0
"E01004260",637,634,1,2,642,636,6,0,6,14,600,4,18,0,99.5290423861852,0.156985871271586,0.313971742543171,99.0654205607477,0.934579439252336,0,0.934579439252336,2.18068535825545,93.4579439252336,0.623052959501558,2.80373831775701,0
"E01004261",540,532,5,3,570,550,20,6,8,56,475,23,1,1,98.5185185185185,0.925925925925926,0.555555555555556,96.4912280701754,3.50877192982456,1.05263157894737,1.40350877192982,9.82456140350877,83.3333333333333,4.03508771929825,0.175438596491228,0.175438596491228
"E01004262",494,490,2,2,500,495,5,11,11,80,348,35,14,1,99.1902834008097,0.404858299595142,0.404858299595142,99,1,2.2,2.2,16,69.6,7,2.8,0.2
"E01004263",538,538,0,0,538,529,9,17,23,169,278,49,2,0,100,0,0,98.3271375464684,1.6728624535316,3.15985130111524,4.27509293680297,31.4126394052045,51.6728624535316,9.10780669144981,0.371747211895911,0
"E01004264",458,454,3,1,463,457,6,4,22,67,365,5,0,0,99.1266375545851,0.655021834061135,0.218340611353712,98.7041036717063,1.29589632829374,0.863930885529158,4.75161987041037,14.4708423326134,78.8336933045356,1.07991360691145,0,0
"E01004266",585,582,2,1,589,583,6,10,13,199,344,23,0,0,99.4871794871795,0.341880341880342,0.170940170940171,98.981324278438,1.01867572156197,1.69779286926995,2.20713073005093,33.786078098472,58.4040747028862,3.90492359932088,0,0
"E01004267",738,736,0,2,743,707,36,15,33,96,466,122,4,7,99.7289972899729,0,0.2710027100271,95.1547779273217,4.84522207267833,2.01884253028264,4.4414535666218,12.9205921938089,62.7187079407806,16.4199192462988,0.53835800807537,0.942126514131898
"E01004268",684,680,0,4,695,688,7,4,8,7,657,15,3,1,99.4152046783626,0,0.584795321637427,98.9928057553957,1.00719424460432,0.575539568345324,1.15107913669065,1.00719424460432,94.5323741007194,2.15827338129496,0.431654676258993,0.143884892086331
"E01004269",728,724,0,4,741,726,15,7,8,52,633,29,12,0,99.4505494505495,0,0.549450549450549,97.9757085020243,2.02429149797571,0.944669365721997,1.07962213225371,7.01754385964912,85.4251012145749,3.9136302294197,1.61943319838057,0
"E01004270",762,761,1,0,763,745,18,10,22,218,440,56,17,0,99.8687664041995,0.131233595800525,0,97.6408912188729,2.35910878112713,1.31061598951507,2.88335517693316,28.5714285714286,57.6671035386632,7.3394495412844,2.22804718217562,0
"E01004271",550,549,0,1,553,548,5,4,3,14,523,7,2,0,99.8181818181818,0,0.181818181818182,99.0958408679928,0.904159132007233,0.723327305605787,0.54249547920434,2.53164556962025,94.5750452079566,1.26582278481013,0.361663652802893,0
"E01004272",635,632,0,3,641,639,2,3,7,12,611,5,2,1,99.5275590551181,0,0.47244094488189,99.6879875195008,0.31201248049922,0.46801872074883,1.09204368174727,1.87207488299532,95.3198127925117,0.78003120124805,0.31201248049922,0.15600624024961
"E01004273",712,707,2,3,720,594,126,14,26,76,582,19,2,1,99.2977528089888,0.280898876404494,0.421348314606742,82.5,17.5,1.94444444444444,3.61111111111111,10.5555555555556,80.8333333333333,2.63888888888889,0.277777777777778,0.138888888888889
"E01004274",667,667,0,0,667,654,13,29,55,176,398,6,3,0,100,0,0,98.0509745127436,1.94902548725637,4.34782608695652,8.24587706146927,26.3868065967016,59.6701649175412,0.899550224887556,0.449775112443778,0
"E01004275",794,793,0,1,799,768,31,20,83,311,375,7,3,0,99.8740554156171,0,0.125944584382872,96.1201501877347,3.87984981226533,2.50312891113892,10.3879849812265,38.9236545682103,46.9336670838548,0.876095118898623,0.375469336670839,0
"E01004276",1085,1084,0,1,1087,996,91,3,15,95,938,34,2,0,99.9078341013825,0,0.0921658986175115,91.6283348666053,8.37166513339466,0.275988960441582,1.37994480220791,8.73965041398344,86.2925482980681,3.1278748850046,0.183992640294388,0
"E01004277",1051,1051,0,0,1051,898,153,5,20,12,954,27,32,1,100,0,0,85.442435775452,14.5575642245481,0.475737392959087,1.90294957183635,1.14176974310181,90.7706945765937,2.56898192197907,3.04471931493815,0.0951474785918173
"E01004280",800,797,1,2,806,769,37,13,43,88,655,7,0,0,99.625,0.125,0.25,95.409429280397,4.59057071960298,1.61290322580645,5.33498759305211,10.9181141439206,81.2655086848635,0.86848635235732,0,0
"E01004281",881,881,0,0,881,831,50,20,62,153,633,13,0,0,100,0,0,94.3246311010216,5.67536889897843,2.27014755959137,7.03745743473326,17.366628830874,71.850170261067,1.47559591373439,0,0
"E01004283",767,764,1,2,776,756,20,21,21,65,645,17,7,0,99.6088657105606,0.130378096479791,0.260756192959583,97.4226804123711,2.57731958762887,2.70618556701031,2.70618556701031,8.37628865979381,83.1185567010309,2.19072164948454,0.902061855670103,0
"E01004284",871,866,2,3,896,884,12,32,43,120,657,43,0,1,99.4259471871412,0.229621125143513,0.34443168771527,98.6607142857143,1.33928571428571,3.57142857142857,4.79910714285714,13.3928571428571,73.3258928571429,4.79910714285714,0,0.111607142857143
"E01004285",663,660,2,1,667,658,9,40,60,156,397,10,4,0,99.5475113122172,0.301659125188537,0.150829562594268,98.6506746626687,1.34932533733133,5.99700149925037,8.99550224887556,23.3883058470765,59.52023988006,1.49925037481259,0.599700149925038,0
"E01004286",826,823,3,0,829,817,12,22,57,312,409,15,12,2,99.636803874092,0.36319612590799,0,98.5524728588661,1.4475271411339,2.65379975874548,6.87575392038601,37.6357056694813,49.3365500603136,1.80940892641737,1.4475271411339,0.241254523522316
"E01004287",838,837,0,1,858,854,4,2,6,15,808,26,1,0,99.8806682577566,0,0.119331742243437,99.5337995337995,0.466200466200466,0.233100233100233,0.699300699300699,1.74825174825175,94.1724941724942,3.03030303030303,0.116550116550117,0
"E01004288",541,541,0,0,541,525,16,14,13,113,379,17,5,0,100,0,0,97.0425138632163,2.95748613678373,2.58780036968577,2.40295748613678,20.8872458410351,70.0554528650647,3.14232902033272,0.924214417744917,0
"E01004289",675,671,2,2,683,670,13,12,20,166,403,73,8,1,99.4074074074074,0.296296296296296,0.296296296296296,98.0966325036603,1.90336749633968,1.75695461200586,2.92825768667643,24.3045387994143,59.00439238653,10.688140556369,1.17130307467057,0.146412884333821
"E01004290",591,589,2,0,593,575,18,5,24,123,374,35,31,1,99.6615905245347,0.338409475465313,0,96.964586846543,3.035413153457,0.843170320404722,4.04721753794266,20.7419898819562,63.0691399662732,5.90219224283305,5.22765598650927,0.168634064080944
"E01004291",1133,1132,1,0,1134,1051,83,3,6,18,997,100,10,0,99.9117387466902,0.088261253309797,0,92.6807760141093,7.31922398589065,0.264550264550265,0.529100529100529,1.58730158730159,87.9188712522046,8.81834215167548,0.881834215167548,0
"E01004292",863,863,0,0,863,818,45,10,48,301,494,7,3,0,100,0,0,94.7856315179606,5.2143684820394,1.15874855156431,5.56199304750869,34.8783314020857,57.2421784472769,0.811123986095017,0.347624565469293,0
"E01004293",1284,1284,0,0,1284,1133,151,1,19,79,1116,32,17,20,100,0,0,88.2398753894081,11.7601246105919,0.0778816199376947,1.4797507788162,6.15264797507788,86.9158878504673,2.49221183800623,1.32398753894081,1.55763239875389
"E01004294",929,929,0,0,929,877,52,3,4,22,848,36,15,1,100,0,0,94.4025834230355,5.59741657696448,0.322927879440258,0.430570505920344,2.36813778256189,91.280947255113,3.8751345532831,1.61463939720129,0.107642626480086
"E01004295",508,504,2,2,514,500,14,7,15,27,456,7,2,0,99.2125984251969,0.393700787401575,0.393700787401575,97.2762645914397,2.72373540856031,1.36186770428016,2.91828793774319,5.25291828793774,88.715953307393,1.36186770428016,0.389105058365759,0
"E01004296",706,704,0,2,711,684,27,10,15,47,621,11,7,0,99.7167138810198,0,0.28328611898017,96.2025316455696,3.79746835443038,1.40646976090014,2.10970464135021,6.61040787623066,87.3417721518987,1.54711673699015,0.984528832630098,0
"E01004297",994,993,0,1,1002,909,93,13,22,114,787,62,4,0,99.8993963782696,0,0.100603621730382,90.7185628742515,9.2814371257485,1.29740518962076,2.19560878243513,11.377245508982,78.5429141716567,6.187624750499,0.399201596806387,0
"E01004298",643,641,0,2,650,635,15,11,21,48,544,20,6,0,99.6889580093313,0,0.31104199066874,97.6923076923077,2.30769230769231,1.69230769230769,3.23076923076923,7.38461538461539,83.6923076923077,3.07692307692308,0.923076923076923,0
"E01004300",527,524,1,2,533,522,11,5,14,30,469,14,1,0,99.4307400379507,0.189753320683112,0.379506641366224,97.9362101313321,2.06378986866792,0.938086303939963,2.6266416510319,5.62851782363977,87.9924953095685,2.6266416510319,0.187617260787992,0
"E01004301",426,426,0,0,426,413,13,5,10,19,359,31,2,0,100,0,0,96.9483568075117,3.05164319248826,1.17370892018779,2.34741784037559,4.46009389671362,84.2723004694836,7.27699530516432,0.469483568075117,0
"E01004302",650,647,2,1,654,637,17,5,9,7,619,7,5,2,99.5384615384615,0.307692307692308,0.153846153846154,97.4006116207951,2.59938837920489,0.764525993883792,1.37614678899083,1.07033639143731,94.6483180428135,1.07033639143731,0.764525993883792,0.305810397553517
"E01004303",1025,1025,0,0,1025,967,58,20,15,69,897,17,7,0,100,0,0,94.3414634146341,5.65853658536585,1.95121951219512,1.46341463414634,6.73170731707317,87.5121951219512,1.65853658536585,0.682926829268293,0
"E01004304",654,648,2,4,671,653,18,18,17,50,538,27,20,1,99.0825688073395,0.305810397553517,0.611620795107034,97.3174366616989,2.68256333830104,2.68256333830104,2.53353204172876,7.45156482861401,80.1788375558867,4.02384500745156,2.9806259314456,0.14903129657228
"E01004305",716,714,1,1,720,699,21,4,12,46,604,47,7,0,99.7206703910614,0.139664804469274,0.139664804469274,97.0833333333333,2.91666666666667,0.555555555555556,1.66666666666667,6.38888888888889,83.8888888888889,6.52777777777778,0.972222222222222,0
"E01004306",706,704,0,2,710,687,23,13,28,128,419,44,78,0,99.7167138810198,0,0.28328611898017,96.7605633802817,3.23943661971831,1.83098591549296,3.94366197183099,18.0281690140845,59.0140845070423,6.19718309859155,10.9859154929577,0
"E01004307",1157,1154,1,2,1163,1014,149,7,3,40,908,107,98,0,99.7407087294728,0.0864304235090752,0.17286084701815,87.1883061049011,12.8116938950989,0.60189165950129,0.257953568357696,3.43938091143594,78.0739466895959,9.20034393809114,8.42648323301806,0
"E01004308",507,504,1,2,513,504,9,5,30,129,326,20,3,0,99.4082840236686,0.19723865877712,0.394477317554241,98.2456140350877,1.75438596491228,0.974658869395711,5.84795321637427,25.1461988304094,63.5477582846004,3.89863547758285,0.584795321637427,0
"E01004309",909,905,2,2,917,902,15,8,23,45,759,32,50,0,99.5599559955996,0.22002200220022,0.22002200220022,98.3642311886587,1.63576881134133,0.872410032715376,2.50817884405671,4.90730643402399,82.7699018538713,3.48964013086151,5.4525627044711,0
"E01004310",795,789,2,4,820,793,27,8,17,44,661,63,27,0,99.2452830188679,0.251572327044025,0.50314465408805,96.7073170731707,3.29268292682927,0.975609756097561,2.07317073170732,5.36585365853659,80.609756097561,7.68292682926829,3.29268292682927,0
"E01004311",653,651,2,0,655,644,11,5,3,37,583,17,10,0,99.6937212863706,0.306278713629403,0,98.3206106870229,1.6793893129771,0.763358778625954,0.458015267175573,5.64885496183206,89.0076335877863,2.59541984732824,1.52671755725191,0
"E01004312",629,628,1,0,630,628,2,1,7,34,580,4,3,1,99.8410174880763,0.158982511923688,0,99.6825396825397,0.317460317460317,0.158730158730159,1.11111111111111,5.3968253968254,92.0634920634921,0.634920634920635,0.476190476190476,0.158730158730159
"E01004313",814,810,1,3,822,812,10,7,5,37,715,24,34,0,99.5085995085995,0.122850122850123,0.368550368550369,98.7834549878345,1.21654501216545,0.851581508515815,0.608272506082725,4.50121654501217,86.9829683698297,2.91970802919708,4.13625304136253,0
"E01004314",507,507,0,0,507,493,14,2,14,297,129,38,27,0,100,0,0,97.2386587771203,2.76134122287968,0.394477317554241,2.76134122287968,58.5798816568047,25.4437869822485,7.49506903353057,5.32544378698225,0
"E01004315",723,722,0,1,730,718,12,4,14,93,561,29,29,0,99.8616874135546,0,0.138312586445367,98.3561643835616,1.64383561643836,0.547945205479452,1.91780821917808,12.7397260273973,76.8493150684932,3.97260273972603,3.97260273972603,0
"E01004316",457,455,1,1,461,455,6,1,0,12,418,22,8,0,99.562363238512,0.218818380743982,0.218818380743982,98.6984815618221,1.30151843817787,0.216919739696312,0,2.60303687635575,90.6724511930586,4.77223427331887,1.7353579175705,0
"E01004317",1228,1224,2,2,1239,1193,46,16,26,112,895,108,82,0,99.6742671009772,0.162866449511401,0.162866449511401,96.2873284907183,3.71267150928168,1.29136400322841,2.09846650524617,9.03954802259887,72.2356739305892,8.71670702179177,6.6182405165456,0
"E01004318",629,624,1,4,652,630,22,2,2,17,582,19,30,0,99.2050874403816,0.158982511923688,0.635930047694754,96.6257668711656,3.37423312883436,0.306748466257669,0.306748466257669,2.60736196319018,89.2638036809816,2.91411042944785,4.60122699386503,0
"E01004319",608,606,1,1,611,595,16,2,17,39,505,37,11,0,99.6710526315789,0.164473684210526,0.164473684210526,97.3813420621931,2.61865793780687,0.327332242225859,2.7823240589198,6.38297872340426,82.6513911620295,6.0556464811784,1.80032733224223,0
"E01004321",733,732,0,1,736,711,25,11,24,67,530,73,31,0,99.8635743519782,0,0.136425648021828,96.6032608695652,3.39673913043478,1.4945652173913,3.26086956521739,9.10326086956522,72.0108695652174,9.91847826086956,4.21195652173913,0
"E01004322",507,505,1,1,511,502,9,2,6,14,460,19,10,0,99.6055226824458,0.19723865877712,0.19723865877712,98.238747553816,1.76125244618395,0.391389432485323,1.17416829745597,2.73972602739726,90.0195694716243,3.71819960861057,1.95694716242661,0
"E01004323",492,491,1,0,493,480,13,14,23,136,270,40,10,0,99.7967479674797,0.203252032520325,0,97.3630831643002,2.6369168356998,2.83975659229209,4.66531440162272,27.5862068965517,54.7667342799189,8.11359026369168,2.02839756592292,0
"E01004324",492,486,2,4,504,485,19,4,18,43,418,19,2,0,98.780487804878,0.40650406504065,0.813008130081301,96.2301587301587,3.76984126984127,0.793650793650794,3.57142857142857,8.53174603174603,82.9365079365079,3.76984126984127,0.396825396825397,0
"E01004325",1101,1097,4,0,1105,1033,72,3,13,55,913,71,50,0,99.6366939146231,0.36330608537693,0,93.4841628959276,6.5158371040724,0.271493212669683,1.17647058823529,4.97737556561086,82.6244343891403,6.42533936651584,4.52488687782805,0
"E01004326",634,632,2,0,636,623,13,1,2,6,581,14,32,0,99.6845425867508,0.315457413249211,0,97.9559748427673,2.0440251572327,0.157232704402516,0.314465408805031,0.943396226415094,91.3522012578616,2.20125786163522,5.0314465408805,0
"E01032764",762,760,0,2,766,643,123,13,17,67,633,27,9,0,99.737532808399,0,0.26246719160105,83.9425587467363,16.0574412532637,1.69712793733681,2.21932114882507,8.7467362924282,82.6370757180157,3.52480417754569,1.17493472584856,0
"E01032765",697,694,2,1,702,645,57,5,29,113,548,6,1,0,99.5695839311334,0.286944045911047,0.143472022955524,91.8803418803419,8.11965811965812,0.712250712250712,4.13105413105413,16.0968660968661,78.0626780626781,0.854700854700855,0.142450142450142,0
"E01032766",632,631,1,0,633,601,32,3,12,26,529,46,17,0,99.8417721518987,0.158227848101266,0,94.9447077409163,5.05529225908373,0.4739336492891,1.8957345971564,4.10742496050553,83.5703001579779,7.26698262243286,2.68562401263823,0
"E01032767",849,849,0,0,849,767,82,8,8,20,677,88,48,0,100,0,0,90.3415783274441,9.65842167255595,0.94228504122497,0.94228504122497,2.35571260306243,79.7408716136631,10.3651354534747,5.65371024734982,0
"E01032768",754,754,0,0,754,696,58,1,3,17,727,4,1,1,100,0,0,92.3076923076923,7.69230769230769,0.13262599469496,0.397877984084881,2.25464190981432,96.4190981432361,0.530503978779841,0.13262599469496,0.13262599469496
"E01032769",640,639,0,1,642,593,49,5,12,22,556,29,18,0,99.84375,0,0.15625,92.3676012461059,7.63239875389408,0.778816199376947,1.86915887850467,3.42679127725857,86.6043613707165,4.51713395638629,2.80373831775701,0
"E01032770",726,725,0,1,728,572,156,7,9,19,685,8,0,0,99.8622589531681,0,0.137741046831956,78.5714285714286,21.4285714285714,0.961538461538462,1.23626373626374,2.60989010989011,94.0934065934066,1.0989010989011,0,0
"E01032771",703,702,1,0,704,546,158,3,5,9,673,5,7,2,99.8577524893314,0.142247510668563,0,77.5568181818182,22.4431818181818,0.426136363636364,0.710227272727273,1.27840909090909,95.5965909090909,0.710227272727273,0.994318181818182,0.284090909090909
"E01032772",621,618,1,2,628,544,84,15,30,29,551,0,3,0,99.5169082125604,0.161030595813205,0.322061191626409,86.6242038216561,13.3757961783439,2.38853503184713,4.77707006369427,4.61783439490446,87.7388535031847,0,0.477707006369427,0
"E01032773",1036,1031,1,4,1047,852,195,1,1,4,1027,6,8,0,99.5173745173745,0.0965250965250965,0.386100386100386,81.3753581661891,18.6246418338109,0.0955109837631328,0.0955109837631328,0.382043935052531,98.0897803247373,0.573065902578797,0.764087870105062,0
"E01032774",645,641,1,3,652,583,69,7,6,37,593,5,3,1,99.3798449612403,0.155038759689922,0.465116279069767,89.4171779141104,10.5828220858896,1.07361963190184,0.920245398773006,5.67484662576687,90.9509202453988,0.766871165644172,0.460122699386503,0.153374233128834
"E01032775",636,634,0,2,641,600,41,0,3,3,634,1,0,0,99.685534591195,0,0.314465408805031,93.603744149766,6.39625585023401,0,0.46801872074883,0.46801872074883,98.9079563182527,0.15600624024961,0,0
"E01032776",695,692,1,2,703,631,72,2,3,4,688,4,2,0,99.568345323741,0.143884892086331,0.287769784172662,89.7581792318634,10.2418207681366,0.284495021337127,0.42674253200569,0.568990042674253,97.8662873399715,0.568990042674253,0.284495021337127,0
"E01032777",527,526,0,1,530,514,16,2,3,11,504,8,2,0,99.8102466793169,0,0.189753320683112,96.9811320754717,3.0188679245283,0.377358490566038,0.566037735849057,2.07547169811321,95.0943396226415,1.50943396226415,0.377358490566038,0
"E01032778",593,590,0,3,603,564,39,3,6,34,551,6,3,0,99.4940978077572,0,0.505902192242833,93.5323383084577,6.46766169154229,0.497512437810945,0.995024875621891,5.63847429519071,91.3764510779436,0.995024875621891,0.497512437810945,0
"E01032779",629,628,0,1,631,565,66,0,1,2,624,2,2,0,99.8410174880763,0,0.158982511923688,89.540412044374,10.459587955626,0,0.158478605388273,0.316957210776545,98.8906497622821,0.316957210776545,0.316957210776545,0
"E01032780",705,704,1,0,706,647,59,9,8,37,612,9,2,29,99.8581560283688,0.141843971631206,0,91.643059490085,8.35694050991501,1.27478753541076,1.13314447592068,5.24079320113314,86.685552407932,1.27478753541076,0.28328611898017,4.10764872521247
"E01032781",825,825,0,0,825,771,54,2,0,5,813,4,1,0,100,0,0,93.4545454545455,6.54545454545455,0.242424242424242,0,0.606060606060606,98.5454545454545,0.484848484848485,0.121212121212121,0
"E01032782",838,836,1,1,841,776,65,5,4,15,807,2,6,2,99.7613365155131,0.119331742243437,0.119331742243437,92.2711058263971,7.72889417360285,0.594530321046373,0.475624256837099,1.78359096313912,95.9571938168847,0.237812128418549,0.713436385255648,0.237812128418549
"E01032783",678,678,0,0,678,661,17,11,26,119,514,7,0,1,100,0,0,97.4926253687316,2.50737463126844,1.62241887905605,3.83480825958702,17.5516224188791,75.811209439528,1.03244837758112,0,0.147492625368732
"E01032784",708,707,1,0,709,692,17,4,13,59,616,15,2,0,99.8587570621469,0.141242937853107,0,97.6022566995769,2.39774330042313,0.564174894217207,1.83356840620592,8.32157968970381,86.8829337094499,2.11565585331453,0.282087447108604,0
"E01032785",621,618,2,1,626,616,10,2,2,15,597,5,4,1,99.5169082125604,0.322061191626409,0.161030595813205,98.4025559105431,1.59744408945687,0.319488817891374,0.319488817891374,2.3961661341853,95.3674121405751,0.798722044728434,0.638977635782748,0.159744408945687
"E01032786",670,664,4,2,680,674,6,6,3,15,623,22,10,1,99.1044776119403,0.597014925373134,0.298507462686567,99.1176470588235,0.882352941176471,0.882352941176471,0.441176470588235,2.20588235294118,91.6176470588235,3.23529411764706,1.47058823529412,0.147058823529412
"E01032787",787,780,2,5,804,793,11,8,23,66,677,27,3,0,99.1105463786531,0.254129606099111,0.635324015247776,98.6318407960199,1.3681592039801,0.995024875621891,2.86069651741294,8.2089552238806,84.2039800995025,3.35820895522388,0.373134328358209,0
